ball_1,ball_2,ball_3,ball_4,ball_5,win_times
8,19,25,33,39,2
3,14,21,26,32,2
7,13,30,31,42,2
8,27,29,30,39,2
20,25,29,34,41,2
15,16,18,20,39,2
11,12,18,21,26,2
1,15,19,21,26,2
1,15,19,21,32,2
1,15,19,26,32,2
1,7,8,9,30,2
1,15,21,26,32,2
1,19,21,26,32,2
15,19,21,26,32,2
5,14,16,25,39,2
4,9,15,32,39,2
6,10,14,17,18,2
8,10,15,31,38,2
2,4,15,20,22,1
6,8,29,33,37,1
8,10,29,33,37,1
6,10,29,33,37,1
2,4,15,22,29,1
6,8,10,33,37,1
6,8,10,29,37,1
2,4,15,20,29,1
4,15,20,22,29,1
2,4,20,22,29,1
2,15,20,22,29,1
4,6,7,18,34,1
14,16,18,37,42,1
9,16,18,37,42,1
9,14,18,37,42,1
9,14,16,37,42,1
9,14,16,18,42,1
9,14,16,18,37,1
6,13,21,26,35,1
2,13,21,26,35,1
2,6,21,26,35,1
2,6,13,26,35,1
2,6,13,21,35,1
2,6,13,21,26,1
15,30,34,40,42,1
12,30,34,40,42,1
12,15,34,40,42,1
12,15,30,40,42,1
12,15,30,34,42,1
12,15,30,34,40,1
6,8,10,29,33,1
5,6,14,15,25,1
12,16,20,29,36,1
1,2,17,21,39,1
4,20,29,36,38,1
4,18,29,36,38,1
4,18,20,36,38,1
4,18,20,29,38,1
4,18,20,29,36,1
22,27,32,34,37,1
7,27,32,34,37,1
7,22,32,34,37,1
7,22,27,34,37,1
7,22,27,32,37,1
7,22,27,32,34,1
26,30,33,37,39,1
4,30,33,37,39,1
4,26,33,37,39,1
4,26,30,37,39,1
4,26,30,33,39,1
4,26,30,33,37,1
10,13,31,39,40,1
8,13,31,39,40,1
18,20,29,36,38,1
1,2,17,21,41,1
9,16,20,29,36,1
1,2,17,39,41,1
4,6,7,18,39,1
9,12,16,29,36,1
9,12,16,20,36,1
9,12,16,20,29,1
11,14,26,28,37,1
2,14,26,28,37,1
2,11,26,28,37,1
2,11,14,28,37,1
2,11,14,26,37,1
2,11,14,26,28,1
10,22,37,39,40,1
9,22,37,39,40,1
9,10,37,39,40,1
9,10,22,39,40,1
9,10,22,37,40,1
9,10,22,37,39,1
2,17,21,39,41,1
1,17,21,39,41,1
1,2,21,39,41,1
9,12,20,29,36,1
8,21,22,29,38,1
4,6,7,34,39,1
1,3,5,6,41,1
6,7,20,37,39,1
6,7,17,37,39,1
6,7,17,20,39,1
6,7,17,20,37,1
3,5,6,36,41,1
1,5,6,36,41,1
1,3,6,36,41,1
1,3,5,36,41,1
1,3,5,6,36,1
4,6,18,34,39,1
2,17,18,21,24,1
1,17,18,21,24,1
1,2,18,21,24,1
1,2,17,21,24,1
1,2,17,18,24,1
1,2,17,18,21,1
16,21,26,33,34,1
6,21,26,33,34,1
6,17,20,37,39,1
7,17,20,37,39,1
1,9,14,21,39,1
1,9,14,21,42,1
1,3,5,13,26,1
13,29,30,35,40,1
9,29,30,35,40,1
9,13,30,35,40,1
9,13,29,35,40,1
9,13,29,30,40,1
9,13,29,30,35,1
13,22,34,37,39,1
5,22,34,37,39,1
5,13,34,37,39,1
5,13,22,37,39,1
5,13,22,34,39,1
5,13,22,34,37,1
9,14,21,39,42,1
1,14,21,39,42,1
1,9,21,39,42,1
1,9,14,39,42,1
6,16,26,33,34,1
6,16,21,33,34,1
6,16,21,26,34,1
14,20,27,30,36,1
14,18,20,30,36,1
14,18,20,27,36,1
14,18,20,27,30,1
10,23,24,34,39,1
2,23,24,34,39,1
2,10,24,34,39,1
2,10,23,34,39,1
2,10,23,24,39,1
2,10,23,24,34,1
21,22,29,33,38,1
8,22,29,33,38,1
8,21,29,33,38,1
8,21,22,33,38,1
8,10,13,39,40,1
8,21,22,29,33,1
6,7,18,34,39,1
4,7,18,34,39,1
14,18,27,30,36,1
18,20,27,30,36,1
6,16,21,26,33,1
1,2,28,31,33,1
11,13,18,28,33,1
10,13,18,28,33,1
10,11,18,28,33,1
10,11,13,28,33,1
10,11,13,18,33,1
10,11,13,18,28,1
7,16,18,20,39,1
2,16,18,20,39,1
2,7,18,20,39,1
2,7,16,20,39,1
2,7,16,18,39,1
2,7,16,18,20,1
2,28,31,33,42,1
1,28,31,33,42,1
1,2,31,33,42,1
1,2,28,33,42,1
1,2,28,31,42,1
8,10,31,39,40,1
13,18,20,37,40,1
8,10,13,31,40,1
24,25,26,29,41,1
8,9,11,16,38,1
8,9,11,16,37,1
22,23,25,31,42,1
7,23,25,31,42,1
7,22,25,31,42,1
7,22,23,31,42,1
7,22,23,25,42,1
7,22,23,25,31,1
16,25,26,29,41,1
4,10,11,13,14,1
16,24,26,29,41,1
16,24,25,29,41,1
16,24,25,26,41,1
16,24,25,26,29,1
23,24,31,35,38,1
16,24,31,35,38,1
16,23,31,35,38,1
16,23,24,35,38,1
8,9,11,37,38,1
8,9,16,37,38,1
8,11,16,37,38,1
9,11,16,37,38,1
1,19,20,31,38,1
1,16,20,31,38,1
1,16,19,31,38,1
1,16,19,20,38,1
1,16,19,20,31,1
3,17,25,29,40,1
1,17,25,29,40,1
1,3,25,29,40,1
1,3,17,29,40,1
1,3,17,25,40,1
1,3,17,25,29,1
19,20,32,33,36,1
7,20,32,33,36,1
7,19,32,33,36,1
7,19,20,33,36,1
7,19,20,32,36,1
7,19,20,32,33,1
16,23,24,31,38,1
16,23,24,31,35,1
5,14,19,33,34,1
18,21,24,36,40,1
18,21,24,29,36,1
18,19,26,30,31,1
16,19,26,30,31,1
16,18,26,30,31,1
16,18,19,30,31,1
16,18,19,26,31,1
16,18,19,26,30,1
4,12,16,32,36,1
2,12,16,32,36,1
2,4,16,32,36,1
2,4,12,32,36,1
2,4,12,16,36,1
2,4,12,16,32,1
19,24,31,33,41,1
10,24,31,33,41,1
10,19,31,33,41,1
10,19,24,33,41,1
18,21,24,29,40,1
18,21,29,36,40,1
3,14,19,33,34,1
18,24,29,36,40,1
3,5,19,33,34,1
3,5,14,33,34,1
3,5,14,19,34,1
3,5,14,19,33,1
7,16,17,26,28,1
1,16,17,26,28,1
1,7,17,26,28,1
1,7,16,26,28,1
1,7,16,17,28,1
1,7,16,17,26,1
2,6,18,34,41,1
1,6,18,34,41,1
1,2,18,34,41,1
1,2,6,34,41,1
1,2,6,18,41,1
1,2,6,18,34,1
21,24,29,36,40,1
16,19,20,31,38,1
4,10,11,13,22,1
8,10,13,31,39,1
15,19,23,26,40,1
6,17,18,27,40,1
6,17,18,23,40,1
6,17,18,23,27,1
19,23,26,40,42,1
15,23,26,40,42,1
15,19,26,40,42,1
15,19,23,40,42,1
15,19,23,26,42,1
20,27,34,35,36,1
4,10,11,14,22,1
9,27,34,35,36,1
9,20,34,35,36,1
9,20,27,35,36,1
9,20,27,34,36,1
9,20,27,34,35,1
6,10,16,32,37,1
1,10,16,32,37,1
1,6,16,32,37,1
6,17,23,27,40,1
6,18,23,27,40,1
17,18,23,27,40,1
17,26,27,29,34,1
18,20,24,37,40,1
13,20,24,37,40,1
13,18,24,37,40,1
1,3,5,26,34,1
13,18,20,24,40,1
13,18,20,24,37,1
9,14,19,22,33,1
5,14,19,22,33,1
5,9,19,22,33,1
5,9,14,22,33,1
5,9,14,19,33,1
5,9,14,19,22,1
26,27,29,34,36,1
17,27,29,34,36,1
17,26,29,34,36,1
17,26,27,34,36,1
17,26,27,29,36,1
1,6,10,32,37,1
1,6,10,16,37,1
1,6,10,16,32,1
4,9,23,26,40,1
4,9,16,23,40,1
4,9,16,23,26,1
6,14,19,29,33,1
1,14,19,29,33,1
1,6,19,29,33,1
1,6,14,29,33,1
1,6,14,19,33,1
1,6,14,19,29,1
13,22,24,30,38,1
3,22,24,30,38,1
3,13,24,30,38,1
3,13,22,30,38,1
3,13,22,24,38,1
3,13,22,24,30,1
10,11,13,14,22,1
4,11,13,14,22,1
4,10,13,14,22,1
4,9,16,26,40,1
4,16,23,26,40,1
20,21,29,36,37,1
9,16,23,26,40,1
15,21,29,36,37,1
15,20,29,36,37,1
15,20,21,36,37,1
15,20,21,29,37,1
15,20,21,29,36,1
8,14,15,21,42,1
7,14,15,21,42,1
7,8,15,21,42,1
7,8,14,21,42,1
7,8,14,15,42,1
7,8,14,15,21,1
13,18,20,23,24,1
11,18,20,23,24,1
11,13,20,23,24,1
11,13,18,23,24,1
11,13,18,20,24,1
11,13,18,20,23,1
1,3,5,13,34,1
4,12,27,34,35,1
1,3,13,26,34,1
1,12,18,30,41,1
23,25,26,28,41,1
20,25,26,28,41,1
20,23,26,28,41,1
20,23,25,28,41,1
20,23,25,26,41,1
20,23,25,26,28,1
12,30,32,39,40,1
5,30,32,39,40,1
5,12,32,39,40,1
5,12,30,39,40,1
5,12,30,32,40,1
5,12,30,32,39,1
17,21,33,39,41,1
16,21,33,39,41,1
16,17,33,39,41,1
16,17,21,39,41,1
16,17,21,33,41,1
1,12,18,30,38,1
1,12,18,38,41,1
12,18,20,27,29,1
1,12,30,38,41,1
1,5,25,29,41,1
1,5,25,28,41,1
1,5,25,28,29,1
8,13,27,30,38,1
3,13,27,30,38,1
3,8,27,30,38,1
3,8,13,30,38,1
3,8,13,27,38,1
3,8,13,27,30,1
14,20,22,25,28,1
2,20,22,25,28,1
2,14,22,25,28,1
2,14,20,25,28,1
2,14,20,22,28,1
2,14,20,22,25,1
12,18,30,38,41,1
1,18,30,38,41,1
16,17,21,33,39,1
9,18,20,27,29,1
1,25,28,29,41,1
10,16,22,23,42,1
13,14,19,23,35,1
4,14,19,23,35,1
4,13,19,23,35,1
4,13,14,23,35,1
4,13,14,19,35,1
4,13,14,19,23,1
13,25,26,36,39,1
3,25,26,36,39,1
3,13,26,36,39,1
3,13,25,36,39,1
3,13,25,26,39,1
3,13,25,26,36,1
14,15,28,36,37,1
6,15,28,36,37,1
6,14,28,36,37,1
6,14,15,36,37,1
6,14,15,28,37,1
10,16,22,23,36,1
10,16,22,36,42,1
9,12,20,27,29,1
10,16,23,36,42,1
9,12,18,27,29,1
9,12,18,20,29,1
9,12,18,20,27,1
17,25,31,35,37,1
1,25,31,35,37,1
1,17,31,35,37,1
1,17,25,35,37,1
1,17,25,31,37,1
1,17,25,31,35,1
15,21,35,36,40,1
1,21,35,36,40,1
1,15,35,36,40,1
1,15,21,36,40,1
1,15,21,35,40,1
1,15,21,35,36,1
16,22,23,36,42,1
10,22,23,36,42,1
1,5,28,29,41,1
5,25,28,29,41,1
16,18,19,28,39,1
3,7,17,18,39,1
19,20,23,30,37,1
18,20,23,30,37,1
18,19,23,30,37,1
18,19,20,30,37,1
18,19,20,23,37,1
18,19,20,23,30,1
8,10,29,36,42,1
4,10,29,36,42,1
4,8,29,36,42,1
4,8,10,36,42,1
4,8,10,29,42,1
4,8,10,29,36,1
9,26,28,35,39,1
3,26,28,35,39,1
3,9,28,35,39,1
3,9,26,35,39,1
3,9,26,28,39,1
3,7,17,18,29,1
3,7,17,29,39,1
4,17,21,32,41,1
3,7,18,29,39,1
1,4,16,23,36,1
1,4,16,22,36,1
1,4,16,22,23,1
9,16,24,34,41,1
6,16,24,34,41,1
6,9,24,34,41,1
6,9,16,34,41,1
6,9,16,24,41,1
6,9,16,24,34,1
7,8,17,29,31,1
3,8,17,29,31,1
3,7,17,29,31,1
3,7,8,29,31,1
3,7,8,17,31,1
3,7,8,17,29,1
7,17,18,29,39,1
3,17,18,29,39,1
3,9,26,28,35,1
3,17,21,32,41,1
13,14,35,36,37,1
1,12,13,14,36,1
15,16,27,39,41,1
6,16,27,39,41,1
6,15,27,39,41,1
6,15,16,39,41,1
6,15,16,27,41,1
6,15,16,27,39,1
19,23,31,40,41,1
9,23,31,40,41,1
9,19,31,40,41,1
9,19,23,40,41,1
9,19,23,31,41,1
9,19,23,31,40,1
14,35,36,37,40,1
13,35,36,37,40,1
13,14,36,37,40,1
13,14,35,37,40,1
13,14,35,36,40,1
1,12,13,14,16,1
1,12,13,16,36,1
3,4,21,32,41,1
1,12,14,16,36,1
3,4,17,32,41,1
3,4,17,21,41,1
3,4,17,21,32,1
9,12,13,36,38,1
1,12,13,36,38,1
1,9,13,36,38,1
1,9,12,36,38,1
1,9,12,13,38,1
1,9,12,13,36,1
12,16,20,23,41,1
7,16,20,23,41,1
7,12,20,23,41,1
7,12,16,23,41,1
7,12,16,20,41,1
7,12,16,20,23,1
12,13,14,16,36,1
1,13,14,16,36,1
6,14,15,28,36,1
10,18,19,28,39,1
1,5,13,26,34,1
4,17,29,33,34,1
5,8,16,19,26,1
5,7,16,19,26,1
5,7,8,19,26,1
5,7,8,16,26,1
5,7,8,16,19,1
5,6,13,22,36,1
2,6,13,22,36,1
2,5,13,22,36,1
2,5,6,22,36,1
2,5,6,13,36,1
2,5,6,13,22,1
4,11,14,18,34,1
1,11,14,18,34,1
1,4,14,18,34,1
1,4,11,18,34,1
1,4,11,14,34,1
1,4,11,14,18,1
7,8,16,19,26,1
4,17,29,33,37,1
2,11,19,21,28,1
4,17,29,34,37,1
3,13,16,33,41,1
3,13,16,33,34,1
9,18,22,26,41,1
5,18,22,26,41,1
5,9,22,26,41,1
5,9,18,26,41,1
5,9,18,22,41,1
5,9,18,22,26,1
11,13,19,27,32,1
10,13,19,27,32,1
10,11,19,27,32,1
10,11,13,27,32,1
10,11,13,19,32,1
10,11,13,19,27,1
17,29,33,34,37,1
4,29,33,34,37,1
4,17,33,34,37,1
6,11,19,21,28,1
2,6,19,21,28,1
3,13,33,34,41,1
10,16,30,37,41,1
1,10,30,37,41,1
1,10,16,37,41,1
1,10,16,30,41,1
1,10,16,30,37,1
27,29,30,33,41,1
11,29,30,33,41,1
11,27,30,33,41,1
11,27,29,33,41,1
11,27,29,30,41,1
11,27,29,30,33,1
12,13,27,34,35,1
4,13,27,34,35,1
10,19,24,31,33,1
4,12,13,34,35,1
4,12,13,27,35,1
4,12,13,27,34,1
3,5,13,26,34,1
1,16,30,37,41,1
2,9,10,18,33,1
2,6,11,21,28,1
2,9,10,18,41,1
2,6,11,19,28,1
2,6,11,19,21,1
13,18,26,27,29,1
9,18,26,27,29,1
9,13,26,27,29,1
9,13,18,27,29,1
9,13,18,26,29,1
9,13,18,26,27,1
13,19,30,31,42,1
7,19,30,31,42,1
7,13,19,31,42,1
7,13,19,30,42,1
7,13,19,30,31,1
9,10,18,33,41,1
2,10,18,33,41,1
2,9,18,33,41,1
2,9,10,33,41,1
3,13,16,34,41,1
3,16,33,34,41,1
10,16,19,28,39,1
8,14,27,31,40,1
22,27,30,31,42,1
19,27,30,31,42,1
19,22,30,31,42,1
19,22,27,31,42,1
19,22,27,30,42,1
19,22,27,30,31,1
12,14,16,31,40,1
3,14,16,31,40,1
3,12,16,31,40,1
3,12,14,31,40,1
3,12,14,16,40,1
3,12,14,16,31,1
7,18,20,22,31,1
5,18,20,22,31,1
5,7,20,22,31,1
5,7,18,22,31,1
5,7,18,20,31,1
8,14,27,31,37,1
8,14,27,37,40,1
16,18,31,36,37,1
8,14,31,37,40,1
10,16,18,28,39,1
10,16,18,19,39,1
10,16,18,19,28,1
4,5,10,36,41,1
1,5,10,36,41,1
1,4,10,36,41,1
1,4,5,36,41,1
1,4,5,10,41,1
1,4,5,10,36,1
10,18,27,33,35,1
6,18,27,33,35,1
6,10,27,33,35,1
6,10,18,33,35,1
6,10,18,27,35,1
6,10,18,27,33,1
14,27,31,37,40,1
8,27,31,37,40,1
5,7,18,20,22,1
14,18,31,36,37,1
13,16,33,34,41,1
1,3,11,12,15,1
4,22,23,26,30,1
4,18,23,26,30,1
4,18,22,26,30,1
4,18,22,23,30,1
4,18,22,23,26,1
6,10,16,34,41,1
4,10,16,34,41,1
4,6,16,34,41,1
4,6,10,34,41,1
4,6,10,16,41,1
4,6,10,16,34,1
32,33,37,38,39,1
16,33,37,38,39,1
16,32,37,38,39,1
16,32,33,38,39,1
16,32,33,37,39,1
16,32,33,37,38,1
18,22,23,26,30,1
1,3,11,12,35,1
14,16,31,36,37,1
1,3,11,15,35,1
14,16,18,36,37,1
14,16,18,31,37,1
14,16,18,31,36,1
10,11,20,21,40,1
6,11,20,21,40,1
6,10,20,21,40,1
6,10,11,21,40,1
6,10,11,20,40,1
6,10,11,20,21,1
9,15,32,35,39,1
4,15,32,35,39,1
4,9,32,35,39,1
4,9,15,35,39,1
4,9,15,32,35,1
3,11,12,15,35,1
1,11,12,15,35,1
1,3,12,15,35,1
10,19,24,31,41,1
6,8,26,29,38,1
8,11,26,29,38,1
15,16,19,30,33,1
17,19,21,32,35,1
10,19,21,32,35,1
10,17,21,32,35,1
10,17,19,32,35,1
10,17,19,21,35,1
10,17,19,21,32,1
16,17,19,30,33,1
15,17,19,30,33,1
15,16,17,30,33,1
2,30,34,36,40,1
15,16,17,19,33,1
15,16,17,19,30,1
30,34,36,37,40,1
8,34,36,37,40,1
8,30,36,37,40,1
8,30,34,37,40,1
8,30,34,36,40,1
8,30,34,36,37,1
6,7,9,25,39,1
6,7,9,25,42,1
6,7,9,39,42,1
6,7,25,39,42,1
2,7,30,36,40,1
2,7,30,34,40,1
2,7,30,34,36,1
12,16,18,36,40,1
4,16,18,36,40,1
4,12,18,36,40,1
4,12,16,36,40,1
4,12,16,18,40,1
4,12,16,18,36,1
5,25,27,32,40,1
2,25,27,32,40,1
2,5,27,32,40,1
2,5,25,32,40,1
2,5,25,27,40,1
2,5,25,27,32,1
7,9,25,39,42,1
6,9,25,39,42,1
11,29,32,35,38,1
2,29,32,35,38,1
2,11,32,35,38,1
8,11,12,16,17,1
3,9,24,31,42,1
3,7,24,31,42,1
3,7,9,31,42,1
3,7,9,24,42,1
3,7,9,24,31,1
22,28,33,36,37,1
21,28,33,36,37,1
21,22,33,36,37,1
21,22,28,36,37,1
21,22,28,33,37,1
21,22,28,33,36,1
12,16,21,31,41,1
11,16,21,31,41,1
11,12,21,31,41,1
11,12,16,31,41,1
11,12,16,21,41,1
11,12,16,21,31,1
7,9,24,31,42,1
8,11,12,16,25,1
2,11,29,35,38,1
8,11,12,17,25,1
2,11,29,32,38,1
2,11,29,32,35,1
7,8,9,33,34,1
1,8,9,33,34,1
1,7,9,33,34,1
1,7,8,33,34,1
1,7,8,9,34,1
1,7,8,9,33,1
11,22,29,31,34,1
1,22,29,31,34,1
1,11,29,31,34,1
1,11,22,31,34,1
1,11,22,29,34,1
1,11,22,29,31,1
11,12,16,17,25,1
8,12,16,17,25,1
8,11,16,17,25,1
2,7,34,36,40,1
7,30,34,36,40,1
5,23,29,31,36,1
2,21,28,36,38,1
1,5,6,12,13,1
31,33,34,38,40,1
19,33,34,38,40,1
19,31,34,38,40,1
19,31,33,38,40,1
19,31,33,34,40,1
19,31,33,34,38,1
16,21,28,36,38,1
2,16,28,36,38,1
14,19,20,24,35,1
2,16,21,36,38,1
2,16,21,28,38,1
2,16,21,28,36,1
9,17,34,40,41,1
3,17,34,40,41,1
3,9,34,40,41,1
3,9,17,40,41,1
3,9,17,34,41,1
1,5,6,12,25,1
1,5,6,13,25,1
1,5,12,13,25,1
1,6,12,13,25,1
3,16,18,20,38,1
3,16,17,20,38,1
3,16,17,18,38,1
3,16,17,18,20,1
15,33,34,39,41,1
14,33,34,39,41,1
14,15,34,39,41,1
14,15,33,39,41,1
14,15,33,34,41,1
14,15,33,34,39,1
16,21,26,37,41,1
3,21,26,37,41,1
3,16,26,37,41,1
3,16,21,37,41,1
3,16,21,26,41,1
3,16,21,26,37,1
5,6,12,13,25,1
3,9,17,34,40,1
2,25,26,31,40,1
1,25,26,31,40,1
6,15,19,25,39,1
10,17,37,38,42,1
2,17,37,38,42,1
2,10,37,38,42,1
2,10,17,38,42,1
2,10,17,37,42,1
2,10,17,37,38,1
17,23,35,37,38,1
8,23,35,37,38,1
8,17,35,37,38,1
8,17,23,37,38,1
8,17,23,35,38,1
8,17,23,35,37,1
19,20,24,35,39,1
14,20,24,35,39,1
14,19,24,35,39,1
14,19,20,35,39,1
14,19,20,24,39,1
6,15,19,25,30,1
6,15,19,30,39,1
1,2,26,31,40,1
6,15,25,30,39,1
1,2,25,31,40,1
1,2,25,26,40,1
1,2,25,26,31,1
16,22,33,35,42,1
13,22,33,35,42,1
13,16,33,35,42,1
13,16,22,35,42,1
13,16,22,33,42,1
13,16,22,33,35,1
7,24,25,37,42,1
3,24,25,37,42,1
3,7,25,37,42,1
3,7,24,37,42,1
3,7,24,25,42,1
3,7,24,25,37,1
15,19,25,30,39,1
6,19,25,30,39,1
13,23,29,31,36,1
5,13,29,31,36,1
16,17,18,20,38,1
4,8,10,22,30,1
2,9,15,24,40,1
2,9,15,21,40,1
2,9,15,21,24,1
8,10,22,30,37,1
4,10,22,30,37,1
4,8,22,30,37,1
4,8,10,30,37,1
4,8,10,22,37,1
19,21,24,29,38,1
1,24,25,30,37,1
2,21,24,29,38,1
2,19,24,29,38,1
2,19,21,29,38,1
2,19,21,24,38,1
2,19,21,24,29,1
6,9,13,20,39,1
5,9,13,20,39,1
5,6,13,20,39,1
2,9,21,24,40,1
2,15,21,24,40,1
9,15,21,24,40,1
2,10,17,20,37,1
13,15,17,29,32,1
3,15,17,29,32,1
3,13,17,29,32,1
3,13,15,29,32,1
3,13,15,17,32,1
3,13,15,17,29,1
12,17,20,25,32,1
10,17,20,25,32,1
10,12,20,25,32,1
10,12,17,25,32,1
10,12,17,20,32,1
10,12,17,20,25,1
10,17,20,37,41,1
2,17,20,37,41,1
2,10,20,37,41,1
2,10,17,37,41,1
2,10,17,20,41,1
5,6,9,20,39,1
5,6,9,13,39,1
5,6,9,13,20,1
9,11,19,24,30,1
9,11,16,19,30,1
9,11,16,19,24,1
13,18,20,21,38,1
9,18,20,21,38,1
9,13,20,21,38,1
9,13,18,21,38,1
9,13,18,20,38,1
9,13,18,20,21,1
4,10,22,39,41,1
3,10,22,39,41,1
3,4,22,39,41,1
3,4,10,39,41,1
3,4,10,22,41,1
3,4,10,22,39,1
16,17,28,35,37,1
10,17,28,35,37,1
10,16,28,35,37,1
9,11,16,24,30,1
9,16,19,24,30,1
14,23,27,39,42,1
11,16,19,24,30,1
6,23,27,39,42,1
6,14,27,39,42,1
6,14,23,39,42,1
6,14,23,27,42,1
6,14,23,27,39,1
5,6,16,30,31,1
2,6,16,30,31,1
2,5,16,30,31,1
2,5,6,30,31,1
2,5,6,16,31,1
2,5,6,16,30,1
12,23,29,30,37,1
10,23,29,30,37,1
10,12,29,30,37,1
10,12,23,30,37,1
10,12,23,29,37,1
10,12,23,29,30,1
1,24,25,30,31,1
1,24,25,31,37,1
5,13,23,31,36,1
10,13,18,30,38,1
2,16,24,26,40,1
2,6,24,26,40,1
2,6,16,26,40,1
2,6,16,24,40,1
2,6,16,24,26,1
13,18,28,30,38,1
10,18,28,30,38,1
10,13,28,30,38,1
10,13,18,28,38,1
1,24,30,31,37,1
10,13,18,28,30,1
5,11,26,35,37,1
3,11,26,35,37,1
3,5,26,35,37,1
3,5,11,35,37,1
3,5,11,26,37,1
3,5,11,26,35,1
12,25,28,33,36,1
6,16,24,26,40,1
8,9,12,18,35,1
8,9,12,18,41,1
8,9,12,35,41,1
5,13,23,29,36,1
5,13,23,29,31,1
6,11,15,16,27,1
3,11,15,16,27,1
3,6,15,16,27,1
3,6,11,16,27,1
3,6,11,15,27,1
3,6,11,15,16,1
11,18,27,39,40,1
2,18,27,39,40,1
2,11,27,39,40,1
2,11,18,39,40,1
2,11,18,27,40,1
2,11,18,27,39,1
9,12,18,35,41,1
8,12,18,35,41,1
8,9,18,35,41,1
11,25,28,33,36,1
11,12,28,33,36,1
11,12,25,33,36,1
4,13,40,41,42,1
4,5,13,41,42,1
4,5,13,40,42,1
4,5,13,40,41,1
20,30,31,35,37,1
12,30,31,35,37,1
12,20,31,35,37,1
12,20,30,35,37,1
12,20,30,31,37,1
12,20,30,31,35,1
11,13,19,38,42,1
6,13,19,38,42,1
6,11,19,38,42,1
6,11,13,38,42,1
6,11,13,19,42,1
6,11,13,19,38,1
24,25,30,31,37,1
1,25,30,31,37,1
4,5,40,41,42,1
5,13,40,41,42,1
11,12,25,28,36,1
1,5,14,16,25,1
11,12,25,28,33,1
23,26,31,33,36,1
9,26,31,33,36,1
9,23,31,33,36,1
9,23,26,33,36,1
9,23,26,31,36,1
9,23,26,31,33,1
14,16,28,32,42,1
13,16,28,32,42,1
13,14,28,32,42,1
13,14,16,32,42,1
13,14,16,28,42,1
13,14,16,28,32,1
1,14,16,25,39,1
1,5,16,25,39,1
1,5,14,25,39,1
1,5,14,16,39,1
3,17,18,20,38,1
2,6,29,37,38,1
6,11,26,29,38,1
16,25,36,38,39,1
22,31,36,38,39,1
6,31,36,38,39,1
6,22,36,38,39,1
6,22,31,38,39,1
6,22,31,36,39,1
6,22,31,36,38,1
25,33,36,38,39,1
16,33,36,38,39,1
16,25,33,38,39,1
2,19,21,22,40,1
16,25,33,36,39,1
16,25,33,36,38,1
9,13,15,32,39,1
4,13,15,32,39,1
4,9,13,32,39,1
4,9,13,15,39,1
4,9,13,15,32,1
17,23,30,31,36,1
18,20,25,30,32,1
18,20,25,30,39,1
18,20,25,32,39,1
18,20,30,32,39,1
2,11,19,22,40,1
2,11,19,21,40,1
2,11,19,21,22,1
2,6,11,16,18,1
1,6,11,16,18,1
1,2,11,16,18,1
1,2,6,16,18,1
1,2,6,11,18,1
1,2,6,11,16,1
19,20,22,28,38,1
11,20,22,28,38,1
11,19,22,28,38,1
11,19,20,28,38,1
11,19,20,22,38,1
11,19,20,22,28,1
20,25,30,32,39,1
18,25,30,32,39,1
2,23,30,31,36,1
2,17,30,31,36,1
2,17,23,31,36,1
13,20,24,36,42,1
11,13,24,36,42,1
11,13,20,36,42,1
11,13,20,24,42,1
11,13,20,24,36,1
18,24,26,34,40,1
3,24,26,34,40,1
3,18,26,34,40,1
3,18,24,34,40,1
3,18,24,26,40,1
3,18,24,26,34,1
13,14,21,31,34,1
5,14,21,31,34,1
5,13,21,31,34,1
5,13,14,31,34,1
5,13,14,21,34,1
5,13,14,21,31,1
11,25,28,38,40,1
11,20,24,36,42,1
5,8,29,30,32,1
2,17,23,30,36,1
5,8,29,30,35,1
2,17,23,30,31,1
7,8,12,16,37,1
3,8,12,16,37,1
3,7,12,16,37,1
3,7,8,16,37,1
3,7,8,12,37,1
3,7,8,12,16,1
21,22,23,24,39,1
5,22,23,24,39,1
5,21,23,24,39,1
5,21,22,24,39,1
5,21,22,23,39,1
5,21,22,23,24,1
8,29,30,32,35,1
5,29,30,32,35,1
5,8,30,32,35,1
5,8,29,32,35,1
2,11,21,22,40,1
11,19,21,22,40,1
2,11,28,38,40,1
4,17,18,21,41,1
6,7,18,24,31,1
19,28,29,37,38,1
18,28,29,37,38,1
18,19,29,37,38,1
18,19,28,37,38,1
18,19,28,29,38,1
18,19,28,29,37,1
10,17,18,21,41,1
4,10,18,21,41,1
12,14,20,27,28,1
4,10,17,21,41,1
4,10,17,18,41,1
4,10,17,18,21,1
9,10,14,15,32,1
4,10,14,15,32,1
4,9,14,15,32,1
4,9,10,15,32,1
4,9,10,14,32,1
6,7,18,24,34,1
6,7,18,31,34,1
6,7,24,31,34,1
6,18,24,31,34,1
1,16,22,23,36,1
6,8,11,29,38,1
6,8,11,26,38,1
6,8,11,26,29,1
20,23,27,28,37,1
5,23,27,28,37,1
5,20,27,28,37,1
5,20,23,28,37,1
5,20,23,27,37,1
5,20,23,27,28,1
13,20,29,33,42,1
12,20,29,33,42,1
12,13,29,33,42,1
12,13,20,33,42,1
12,13,20,29,42,1
12,13,20,29,33,1
7,18,24,31,34,1
4,9,10,14,15,1
11,29,30,36,39,1
7,29,30,36,39,1
3,7,19,21,41,1
9,11,15,24,25,1
2,11,15,24,25,1
2,9,15,24,25,1
2,9,11,24,25,1
2,9,11,15,25,1
2,9,11,15,24,1
18,20,31,33,37,1
13,20,31,33,37,1
13,18,31,33,37,1
13,18,20,33,37,1
13,18,20,31,37,1
13,18,20,31,33,1
14,20,27,28,42,1
12,20,27,28,42,1
12,14,27,28,42,1
12,14,20,28,42,1
12,14,20,27,42,1
3,7,19,21,36,1
3,7,19,36,41,1
7,11,30,36,39,1
3,7,21,36,41,1
7,11,29,36,39,1
7,11,29,30,39,1
7,11,29,30,36,1
22,23,26,30,41,1
2,23,26,30,41,1
2,22,26,30,41,1
2,22,23,30,41,1
2,22,23,26,41,1
2,22,23,26,30,1
12,19,21,22,40,1
6,19,21,22,40,1
6,12,21,22,40,1
6,12,19,22,40,1
6,12,19,21,40,1
6,12,19,21,22,1
7,19,21,36,41,1
3,19,21,36,41,1
2,25,28,38,40,1
2,11,25,38,40,1
2,6,29,37,40,1
7,14,21,30,35,1
1,5,13,28,31,1
1,5,13,28,29,1
11,14,21,26,27,1
4,14,21,26,27,1
4,11,21,26,27,1
4,11,14,26,27,1
4,11,14,21,27,1
4,11,14,21,26,1
6,14,21,30,35,1
11,20,27,28,30,1
6,7,21,30,35,1
6,7,14,30,35,1
6,7,14,21,35,1
6,7,14,21,30,1
6,11,13,23,33,1
2,11,13,23,33,1
2,6,13,23,33,1
2,6,11,23,33,1
1,5,13,29,31,1
1,5,28,29,31,1
1,13,28,29,31,1
5,13,28,29,31,1
1,16,26,38,42,1
1,2,26,38,42,1
1,2,16,38,42,1
1,2,16,26,42,1
1,2,16,26,38,1
15,17,20,25,34,1
2,17,20,25,34,1
2,15,20,25,34,1
2,15,17,25,34,1
2,15,17,20,34,1
2,15,17,20,25,1
15,24,29,36,39,1
9,24,29,36,39,1
9,15,29,36,39,1
9,15,24,36,39,1
9,15,24,29,39,1
9,15,24,29,36,1
2,6,11,13,33,1
2,6,11,13,23,1
12,14,16,30,36,1
12,19,27,33,38,1
12,19,27,31,33,1
3,9,14,26,37,1
2,9,14,26,37,1
2,3,14,26,37,1
2,3,9,26,37,1
2,3,9,14,37,1
2,3,9,14,26,1
10,12,21,36,42,1
5,12,21,36,42,1
5,10,21,36,42,1
5,10,12,36,42,1
5,10,12,21,42,1
5,10,12,21,36,1
6,29,37,38,40,1
2,29,37,38,40,1
2,6,37,38,40,1
2,6,29,38,40,1
12,19,27,31,38,1
12,19,31,33,38,1
3,14,16,30,36,1
12,27,31,33,38,1
3,12,16,30,36,1
3,12,14,30,36,1
3,12,14,16,36,1
3,12,14,16,30,1
11,18,25,30,40,1
3,18,25,30,40,1
3,11,25,30,40,1
3,11,18,30,40,1
3,11,18,25,40,1
3,11,18,25,30,1
24,30,35,36,39,1
23,30,35,36,39,1
23,24,35,36,39,1
23,24,30,36,39,1
23,24,30,35,39,1
23,24,30,35,36,1
19,27,31,33,38,1
2,16,26,38,42,1
11,20,27,28,37,1
2,11,25,28,40,1
1,4,12,20,35,1
1,2,14,16,22,1
1,2,12,16,22,1
1,2,12,14,22,1
1,2,12,14,16,1
4,12,20,23,35,1
1,12,20,23,35,1
1,4,20,23,35,1
1,4,12,23,35,1
1,4,12,20,23,1
11,20,27,30,37,1
20,28,30,36,38,1
12,28,30,36,38,1
12,20,30,36,38,1
12,20,28,36,38,1
12,20,28,30,38,1
12,20,28,30,36,1
14,22,36,37,42,1
4,22,36,37,42,1
1,12,14,16,22,1
2,12,14,16,22,1
1,8,14,21,37,1
1,8,14,21,42,1
2,11,25,28,38,1
21,23,27,36,37,1
19,23,27,36,37,1
19,21,27,36,37,1
19,21,23,36,37,1
19,21,23,27,37,1
19,21,23,27,36,1
19,23,26,27,38,1
8,23,26,27,38,1
8,19,26,27,38,1
8,19,23,27,38,1
8,19,23,26,38,1
8,19,23,26,27,1
8,14,21,37,42,1
1,14,21,37,42,1
1,8,21,37,42,1
1,8,14,37,42,1
4,14,36,37,42,1
4,14,22,37,42,1
4,14,22,36,42,1
3,6,11,16,17,1
3,4,6,16,17,1
3,4,6,11,17,1
3,4,6,11,16,1
10,15,31,38,40,1
8,15,31,38,40,1
8,10,31,38,40,1
8,10,15,38,40,1
8,10,15,31,40,1
13,14,20,21,23,1
10,14,20,21,23,1
10,13,20,21,23,1
10,13,14,21,23,1
10,13,14,20,23,1
10,13,14,20,21,1
20,27,28,30,37,1
11,27,28,30,37,1
11,20,28,30,37,1
3,4,11,16,17,1
4,6,11,16,17,1
4,14,22,36,37,1
8,19,22,36,40,1
9,17,27,35,38,1
2,17,27,35,38,1
2,9,27,35,38,1
2,9,17,35,38,1
2,9,17,27,38,1
2,9,17,27,35,1
23,29,30,36,39,1
5,29,30,36,39,1
5,23,30,36,39,1
5,23,29,36,39,1
5,23,29,30,39,1
5,23,29,30,36,1
19,22,36,40,41,1
8,22,36,40,41,1
8,19,36,40,41,1
8,19,22,40,41,1
8,19,22,36,41,1
1,4,22,23,36,1
16,19,22,25,29,1
4,16,22,23,36,1
23,38,31,1,22,1
20,10,6,14,19,1
20,18,6,14,19,1
20,18,10,14,19,1
20,18,10,6,19,1
20,18,10,6,14,1
38,31,3,1,22,1
23,31,3,1,22,1
23,38,3,1,22,1
23,38,31,3,22,1
17,20,21,11,9,1
23,38,31,3,1,1
19,12,17,4,15,1
1,12,17,4,15,1
1,19,17,4,15,1
1,19,12,4,15,1
1,19,12,17,15,1
1,19,12,17,4,1
35,34,41,9,13,1
18,10,6,14,19,1
41,13,16,27,26,1
41,13,16,27,11,1
41,13,16,26,11,1
17,20,33,21,9,1
17,20,33,21,11,1
32,38,5,27,30,1
20,38,5,27,30,1
20,32,5,27,30,1
20,32,38,27,30,1
20,32,38,5,30,1
20,32,38,5,27,1
16,35,28,2,7,1
3,35,28,2,7,1
3,16,28,2,7,1
3,16,35,2,7,1
3,16,35,28,7,1
3,16,35,28,2,1
13,16,27,26,11,1
41,16,27,26,11,1
41,13,27,26,11,1
3,34,41,9,13,1
3,35,41,9,13,1
3,35,34,9,13,1
13,23,2,35,3,1
22,13,2,35,3,1
22,13,23,35,3,1
22,13,23,2,3,1
22,13,23,2,35,1
1,35,7,38,3,1
24,35,7,38,3,1
24,1,7,38,3,1
24,1,35,38,3,1
24,1,35,7,3,1
24,1,35,7,38,1
16,24,22,30,23,1
27,24,22,30,23,1
27,16,22,30,23,1
27,16,24,30,23,1
27,16,24,22,23,1
27,16,24,22,30,1
38,27,7,12,25,1
22,23,2,35,3,1
4,36,8,42,32,1
3,35,34,41,13,1
4,36,8,42,21,1
3,35,34,41,9,1
39,35,18,32,38,1
31,35,18,32,38,1
31,39,18,32,38,1
31,39,35,32,38,1
31,39,35,18,38,1
31,39,35,18,32,1
42,38,6,10,35,1
31,38,6,10,35,1
31,42,6,10,35,1
31,42,38,10,35,1
31,42,38,6,35,1
31,42,38,6,10,1
36,8,42,32,21,1
4,8,42,32,21,1
4,36,42,32,21,1
4,36,8,32,21,1
17,20,33,11,9,1
17,33,21,11,9,1
1,7,23,29,42,1
33,2,37,15,26,1
9,18,28,7,16,1
22,18,28,7,16,1
22,9,28,7,16,1
22,9,18,7,16,1
22,9,18,28,16,1
22,9,18,28,7,1
2,9,37,15,26,1
33,9,37,15,26,1
33,2,9,15,26,1
20,33,21,11,9,1
33,2,9,37,26,1
33,2,9,37,15,1
38,41,34,18,21,1
33,41,34,18,21,1
33,38,34,18,21,1
33,38,41,18,21,1
33,38,41,34,21,1
33,38,41,34,18,1
23,38,19,35,13,1
23,38,19,35,10,1
23,38,19,13,10,1
23,38,35,13,10,1
8,15,21,9,30,1
8,15,21,18,30,1
8,15,21,18,9,1
13,41,34,4,29,1
16,41,34,4,29,1
16,13,34,4,29,1
16,13,41,4,29,1
16,13,41,34,29,1
16,13,41,34,4,1
15,40,31,29,21,1
32,40,31,29,21,1
32,15,31,29,21,1
32,15,40,29,21,1
32,15,40,31,21,1
32,15,40,31,29,1
38,19,35,13,10,1
23,19,35,13,10,1
1,38,4,14,32,1
42,38,4,14,32,1
42,1,4,14,32,1
37,3,25,20,38,1
10,40,3,25,33,1
10,2,3,25,33,1
10,2,40,25,33,1
10,2,40,3,33,1
10,2,40,3,25,1
31,13,41,20,36,1
6,13,41,20,36,1
6,31,41,20,36,1
6,31,13,20,36,1
6,31,13,41,36,1
6,31,13,41,20,1
39,7,23,14,38,1
19,7,23,14,38,1
19,39,23,14,38,1
19,39,7,14,38,1
19,39,7,23,38,1
19,39,7,23,14,1
2,40,3,25,33,1
37,3,25,20,18,1
42,1,38,14,32,1
37,3,25,38,18,1
42,1,38,4,32,1
42,1,38,4,14,1
22,30,38,8,13,1
20,30,38,8,13,1
20,22,38,8,13,1
20,22,30,8,13,1
20,22,30,38,13,1
20,22,30,38,8,1
4,22,29,42,2,1
35,22,29,42,2,1
35,4,29,42,2,1
35,4,22,42,2,1
35,4,22,29,2,1
35,4,22,29,42,1
3,25,20,38,18,1
37,25,20,38,18,1
37,3,20,38,18,1
34,27,7,12,25,1
34,38,7,12,25,1
34,38,27,12,25,1
7,14,22,23,37,1
1,10,11,27,28,1
1,10,11,19,28,1
1,10,11,19,27,1
14,22,23,37,41,1
7,22,23,37,41,1
7,14,23,37,41,1
7,14,22,37,41,1
7,14,22,23,41,1
4,18,19,24,30,1
34,38,27,7,25,1
1,18,19,24,30,1
1,4,19,24,30,1
1,4,18,24,30,1
1,4,18,19,30,1
1,4,18,19,24,1
11,18,24,29,42,1
1,18,24,29,42,1
1,11,24,29,42,1
1,10,19,27,28,1
1,11,19,27,28,1
10,11,19,27,28,1
8,11,14,15,21,1
7,22,24,38,41,1
5,22,24,38,41,1
5,7,24,38,41,1
5,7,22,38,41,1
5,7,22,24,41,1
5,7,22,24,38,1
24,28,31,32,36,1
13,28,31,32,36,1
13,24,31,32,36,1
13,24,28,32,36,1
13,24,28,31,36,1
13,24,28,31,32,1
11,14,15,21,40,1
8,14,15,21,40,1
8,11,15,21,40,1
8,11,14,21,40,1
8,11,14,15,40,1
1,11,18,29,42,1
1,11,18,24,42,1
1,11,18,24,29,1
16,19,34,35,37,1
16,19,29,34,37,1
16,19,29,34,35,1
10,14,21,29,36,1
3,14,21,29,36,1
3,10,21,29,36,1
3,10,14,29,36,1
3,10,14,21,36,1
3,10,14,21,29,1
11,24,25,33,36,1
6,24,25,33,36,1
6,11,25,33,36,1
6,11,24,33,36,1
6,11,24,25,36,1
6,11,24,25,33,1
7,23,29,31,42,1
1,23,29,31,42,1
1,7,29,31,42,1
16,19,29,35,37,1
16,29,34,35,37,1
10,12,30,35,36,1
19,29,34,35,37,1
7,12,30,35,36,1
7,10,30,35,36,1
7,10,12,35,36,1
7,10,12,30,36,1
7,10,12,30,35,1
14,15,32,34,38,1
9,15,32,34,38,1
9,14,32,34,38,1
9,14,15,34,38,1
9,14,15,32,38,1
9,14,15,32,34,1
22,30,34,35,38,1
17,30,34,35,38,1
17,22,34,35,38,1
17,22,30,35,38,1
17,22,30,34,38,1
17,22,30,34,35,1
3,5,8,13,23,1
3,5,8,13,34,1
3,5,8,23,34,1
40,15,10,3,6,1
18,40,10,3,6,1
18,40,15,3,6,1
18,40,15,10,6,1
18,40,15,10,3,1
26,36,2,18,17,1
39,36,2,18,17,1
39,26,2,18,17,1
39,26,36,18,17,1
39,26,36,2,17,1
39,26,36,2,18,1
23,15,38,29,21,1
20,15,38,29,21,1
20,23,38,29,21,1
20,23,15,29,21,1
20,23,15,38,21,1
20,23,15,38,29,1
4,23,14,36,20,1
18,15,10,3,6,1
21,4,41,33,19,1
29,4,14,36,20,1
21,4,41,33,40,1
34,38,27,7,12,1
42,22,30,13,25,1
21,22,30,13,25,1
21,42,30,13,25,1
21,42,22,13,25,1
21,42,22,30,25,1
21,42,22,30,13,1
34,13,38,37,23,1
10,13,38,37,23,1
10,34,38,37,23,1
10,34,13,37,23,1
10,34,13,38,23,1
10,34,13,38,37,1
4,41,33,19,40,1
21,41,33,19,40,1
21,4,33,19,40,1
21,4,41,19,40,1
29,23,14,36,20,1
29,4,23,36,20,1
3,5,13,23,34,1
16,18,20,37,39,1
15,16,20,37,39,1
15,16,18,37,39,1
15,16,18,20,37,1
11,18,20,39,41,1
5,18,20,39,41,1
5,11,20,39,41,1
5,11,18,39,41,1
5,11,18,20,41,1
5,11,18,20,39,1
11,27,29,31,34,1
10,27,29,31,34,1
10,11,29,31,34,1
10,11,27,31,34,1
10,11,27,29,34,1
10,11,27,29,31,1
5,8,13,23,34,1
3,8,13,23,34,1
15,18,20,37,39,1
2,3,8,11,19,1
29,4,23,14,20,1
2,3,8,11,34,1
29,4,23,14,36,1
32,13,20,27,37,1
14,13,20,27,37,1
14,32,20,27,37,1
14,32,13,27,37,1
14,32,13,20,37,1
14,32,13,20,27,1
6,25,39,22,10,1
35,25,39,22,10,1
35,6,39,22,10,1
35,6,25,22,10,1
35,6,25,39,10,1
35,6,25,39,22,1
3,8,11,19,34,1
2,8,11,19,34,1
2,3,11,19,34,1
2,3,8,19,34,1
8,15,18,9,30,1
8,21,18,9,30,1
15,21,18,9,30,1
1,34,17,31,12,1
9,11,3,36,24,1
9,11,3,36,37,1
33,27,41,14,32,1
31,27,41,14,32,1
31,33,41,14,32,1
31,33,27,14,32,1
31,33,27,41,32,1
31,33,27,41,14,1
16,34,17,31,12,1
9,42,31,17,4,1
16,1,17,31,12,1
16,1,34,31,12,1
16,1,34,17,12,1
16,1,34,17,31,1
32,29,22,3,8,1
10,29,22,3,8,1
10,32,22,3,8,1
10,32,29,3,8,1
9,11,3,37,24,1
9,11,36,37,24,1
9,3,36,37,24,1
11,3,36,37,24,1
28,6,14,2,41,1
28,33,14,2,41,1
28,33,6,2,41,1
28,33,6,14,41,1
28,33,6,14,2,1
29,24,4,28,32,1
21,24,4,28,32,1
21,29,4,28,32,1
21,29,24,28,32,1
21,29,24,4,32,1
21,29,24,4,28,1
13,37,42,32,25,1
22,37,42,32,25,1
22,13,42,32,25,1
22,13,37,32,25,1
22,13,37,42,25,1
22,13,37,42,32,1
10,32,29,22,8,1
10,32,29,22,3,1
24,19,36,37,1,1
28,3,16,31,7,1
28,3,16,1,31,1
12,39,30,15,36,1
23,39,30,15,36,1
23,12,30,15,36,1
23,12,39,15,36,1
23,12,39,30,36,1
23,12,39,30,15,1
39,20,25,40,32,1
4,20,25,40,32,1
4,39,25,40,32,1
4,39,20,40,32,1
4,39,20,25,32,1
4,39,20,25,40,1
42,31,17,4,38,1
9,31,17,4,38,1
9,42,17,4,38,1
9,42,31,4,38,1
28,3,16,1,7,1
28,3,1,31,7,1
5,19,36,37,1,1
28,16,1,31,7,1
5,24,36,37,1,1
5,24,19,37,1,1
5,24,19,36,1,1
5,24,19,36,37,1
6,16,25,36,28,1
39,16,25,36,28,1
39,6,25,36,28,1
39,6,16,36,28,1
39,6,16,25,28,1
39,6,16,25,36,1
2,32,26,17,37,1
10,32,26,17,37,1
10,2,26,17,37,1
10,2,32,17,37,1
10,2,32,26,37,1
10,2,32,26,17,1
3,16,1,31,7,1
33,6,14,2,41,1
7,5,30,16,25,1
7,5,30,16,3,1
38,22,8,3,40,1
38,22,35,8,40,1
38,22,35,8,3,1
31,13,15,6,38,1
11,13,15,6,38,1
11,31,15,6,38,1
11,31,13,6,38,1
11,31,13,15,38,1
11,31,13,15,6,1
24,33,40,3,1,1
10,33,40,3,1,1
10,24,40,3,1,1
10,24,33,3,1,1
10,24,33,40,1,1
10,24,33,40,3,1
7,30,37,3,25,1
32,30,37,3,25,1
32,7,37,3,25,1
38,22,35,3,40,1
38,35,8,3,40,1
32,7,30,37,25,1
22,35,8,3,40,1
28,16,37,36,5,1
28,19,37,36,5,1
28,19,16,36,5,1
28,19,16,37,5,1
28,19,16,37,36,1
27,31,37,41,1,1
40,31,37,41,1,1
40,27,37,41,1,1
40,27,31,41,1,1
40,27,31,37,1,1
40,27,31,37,41,1
41,37,9,11,16,1
36,37,9,11,16,1
36,41,9,11,16,1
36,41,37,11,16,1
36,41,37,9,16,1
36,41,37,9,11,1
32,7,30,3,25,1
32,7,30,37,3,1
7,5,30,25,3,1
25,23,26,39,5,1
25,23,11,26,5,1
25,23,11,26,39,1
27,40,8,32,25,1
14,40,8,32,25,1
14,27,8,32,25,1
14,27,40,32,25,1
14,27,40,8,25,1
14,27,40,8,32,1
28,31,30,34,35,1
15,31,30,34,35,1
15,28,30,34,35,1
15,28,31,34,35,1
15,28,31,30,35,1
15,28,31,30,34,1
5,30,16,25,3,1
7,30,16,25,3,1
7,5,16,25,3,1
25,23,11,39,5,1
25,11,26,39,5,1
1,23,25,37,38,1
23,11,26,39,5,1
7,23,25,37,38,1
7,1,25,37,38,1
7,1,23,37,38,1
7,1,23,25,38,1
7,1,23,25,37,1
32,6,31,9,10,1
3,6,31,9,10,1
3,32,31,9,10,1
3,32,6,9,10,1
3,32,6,31,10,1
3,32,6,31,9,1
7,42,1,20,36,1
21,42,1,20,36,1
21,7,1,20,36,1
21,7,42,20,36,1
21,7,42,1,36,1
21,7,42,1,20,1
9,42,31,17,38,1
40,9,16,31,32,1
28,7,40,35,18,1
13,12,7,1,21,1
10,37,23,1,36,1
28,38,8,36,29,1
37,38,8,36,29,1
37,28,8,36,29,1
37,28,38,36,29,1
37,28,38,8,29,1
37,28,38,8,36,1
23,12,7,1,21,1
13,23,7,1,21,1
5,9,16,31,32,1
13,23,12,1,21,1
13,23,12,7,21,1
13,23,12,7,1,1
34,42,32,41,15,1
2,42,32,41,15,1
2,34,32,41,15,1
2,34,42,41,15,1
2,34,42,32,15,1
10,37,23,1,38,1
10,37,23,36,38,1
10,37,1,36,38,1
10,23,1,36,38,1
31,14,12,17,39,1
31,14,24,17,39,1
31,14,24,12,39,1
31,14,24,12,17,1
19,23,35,31,28,1
7,23,35,31,28,1
7,19,35,31,28,1
7,19,23,31,28,1
7,19,23,35,28,1
7,19,23,35,31,1
35,21,6,11,8,1
40,21,6,11,8,1
40,35,6,11,8,1
40,35,21,11,8,1
40,35,21,6,8,1
40,35,21,6,11,1
37,23,1,36,38,1
2,34,42,32,41,1
4,2,3,5,21,1
23,2,3,5,21,1
4,9,11,35,10,1
26,20,38,30,22,1
18,20,38,30,22,1
18,26,38,30,22,1
18,26,20,30,22,1
18,26,20,38,22,1
18,26,20,38,30,1
5,17,42,38,22,1
30,17,42,38,22,1
30,5,42,38,22,1
30,5,17,38,22,1
30,5,17,42,22,1
30,5,17,42,38,1
7,40,35,18,30,1
28,40,35,18,30,1
28,7,35,18,30,1
28,7,40,18,30,1
28,7,40,35,30,1
4,9,11,35,13,1
4,9,11,13,10,1
23,4,3,5,21,1
4,9,35,13,10,1
23,4,2,5,21,1
23,4,2,3,21,1
23,4,2,3,5,1
1,15,3,18,23,1
31,15,3,18,23,1
31,1,3,18,23,1
31,1,15,18,23,1
31,1,15,3,23,1
31,1,15,3,18,1
25,34,9,5,36,1
6,34,9,5,36,1
6,25,9,5,36,1
6,25,34,5,36,1
6,25,34,9,36,1
6,25,34,9,5,1
9,11,35,13,10,1
4,11,35,13,10,1
31,24,12,17,39,1
14,24,12,17,39,1
22,28,35,17,30,1
29,24,42,22,28,1
29,24,42,20,22,1
2,23,28,5,33,1
10,23,28,5,33,1
10,2,28,5,33,1
10,2,23,5,33,1
10,2,23,28,33,1
10,2,23,28,5,1
1,24,25,26,33,1
34,24,25,26,33,1
34,1,25,26,33,1
34,1,24,26,33,1
34,1,24,25,33,1
34,1,24,25,26,1
28,10,20,30,32,1
19,10,20,30,32,1
19,28,20,30,32,1
19,28,10,30,32,1
29,24,42,20,28,1
29,24,20,22,28,1
19,28,10,20,30,1
29,42,20,22,28,1
5,40,16,31,32,1
5,40,9,31,32,1
5,40,9,16,32,1
5,40,9,16,31,1
4,7,35,27,29,1
9,7,35,27,29,1
9,4,35,27,29,1
9,4,7,27,29,1
9,4,7,35,29,1
9,4,7,35,27,1
18,26,7,39,4,1
22,26,7,39,4,1
22,18,7,39,4,1
22,18,26,39,4,1
22,18,26,7,4,1
22,18,26,7,39,1
24,42,20,22,28,1
19,28,10,20,32,1
40,38,5,7,22,1
22,28,35,17,29,1
33,9,19,10,1,1
33,9,19,22,10,1
3,23,21,39,26,1
38,23,21,39,26,1
38,3,21,39,26,1
38,3,23,39,26,1
38,3,23,21,26,1
38,3,23,21,39,1
4,36,1,14,20,1
33,36,1,14,20,1
33,4,1,14,20,1
33,4,36,14,20,1
33,4,36,1,20,1
33,4,36,1,14,1
28,35,17,30,29,1
22,35,17,30,29,1
22,28,17,30,29,1
22,28,35,30,29,1
33,9,19,22,1,1
33,9,22,10,1,1
34,38,5,7,22,1
33,19,22,10,1,1
34,40,5,7,22,1
34,40,38,7,22,1
34,40,38,5,22,1
34,40,38,5,7,1
13,4,3,2,5,1
29,4,3,2,5,1
29,13,3,2,5,1
29,13,4,2,5,1
29,13,4,3,5,1
29,13,4,3,2,1
38,19,8,18,22,1
2,19,8,18,22,1
2,38,8,18,22,1
2,38,19,18,22,1
2,38,19,8,22,1
2,38,19,8,18,1
9,19,22,10,1,1
1,7,23,31,42,1
1,7,23,29,31,1
10,16,19,22,25,1
16,18,27,29,31,1
2,9,14,26,27,1
2,9,14,21,27,1
2,9,14,21,26,1
18,27,29,31,32,1
16,27,29,31,32,1
16,18,29,31,32,1
16,18,27,31,32,1
16,18,27,29,32,1
8,14,24,25,30,1
7,29,33,36,39,1
5,14,24,25,30,1
5,8,24,25,30,1
5,8,14,25,30,1
5,8,14,24,30,1
5,8,14,24,25,1
20,33,37,39,42,1
7,33,37,39,42,1
7,20,37,39,42,1
2,9,21,26,27,1
2,14,21,26,27,1
9,14,21,26,27,1
3,22,28,34,35,1
12,21,25,26,27,1
1,21,25,26,27,1
1,12,25,26,27,1
1,12,21,26,27,1
1,12,21,25,27,1
1,12,21,25,26,1
14,19,21,29,33,1
9,19,21,29,33,1
9,14,21,29,33,1
9,14,19,29,33,1
9,14,19,21,33,1
9,14,19,21,29,1
22,28,34,35,36,1
3,28,34,35,36,1
3,22,34,35,36,1
3,22,28,35,36,1
3,22,28,34,36,1
7,20,33,39,42,1
7,20,33,37,42,1
7,20,33,37,39,1
3,10,20,23,24,1
3,10,17,20,24,1
3,10,17,20,23,1
13,24,25,27,34,1
2,24,25,27,34,1
2,13,25,27,34,1
2,13,24,27,34,1
2,13,24,25,34,1
2,13,24,25,27,1
5,14,26,37,39,1
2,14,26,37,39,1
2,5,26,37,39,1
2,5,14,37,39,1
2,5,14,26,39,1
2,5,14,26,37,1
6,16,19,24,41,1
2,16,19,24,41,1
2,6,19,24,41,1
3,10,17,23,24,1
3,17,20,23,24,1
13,16,29,37,41,1
10,17,20,23,24,1
12,16,29,37,41,1
12,13,29,37,41,1
12,13,16,37,41,1
12,13,16,29,41,1
12,13,16,29,37,1
24,25,27,28,29,1
20,25,27,28,29,1
20,24,27,28,29,1
20,24,25,28,29,1
20,24,25,27,29,1
20,24,25,27,28,1
3,8,26,27,36,1
1,8,26,27,36,1
1,3,26,27,36,1
1,3,8,27,36,1
1,3,8,26,36,1
1,3,8,26,27,1
7,29,33,36,38,1
7,29,33,38,39,1
20,21,26,33,40,1
7,11,25,38,39,1
18,24,25,26,40,1
18,20,25,26,40,1
18,20,24,26,40,1
18,20,24,25,40,1
18,20,24,25,26,1
11,25,27,38,39,1
7,25,27,38,39,1
7,11,27,38,39,1
7,11,25,27,39,1
7,29,36,38,39,1
7,11,25,27,38,1
16,17,19,30,39,1
1,17,19,30,39,1
1,16,19,30,39,1
1,16,17,30,39,1
1,16,17,19,39,1
1,16,17,19,30,1
4,7,20,28,35,1
20,24,25,26,40,1
8,18,19,21,23,1
8,18,19,21,40,1
8,18,19,23,40,1
4,5,17,22,38,1
4,5,17,22,31,1
9,26,27,31,39,1
4,26,27,31,39,1
4,9,27,31,39,1
4,9,26,31,39,1
4,9,26,27,39,1
4,9,26,27,31,1
4,6,13,16,28,1
2,6,13,16,28,1
2,4,13,16,28,1
2,4,6,16,28,1
2,4,6,13,28,1
2,4,6,13,16,1
18,19,21,23,40,1
8,19,21,23,40,1
8,18,21,23,40,1
3,7,20,28,35,1
3,4,20,28,35,1
3,4,7,28,35,1
16,34,36,37,42,1
16,30,34,37,42,1
16,30,34,36,42,1
16,30,34,36,37,1
15,18,19,27,40,1
5,18,19,27,40,1
5,15,19,27,40,1
5,15,18,27,40,1
5,15,18,19,40,1
5,15,18,19,27,1
23,24,26,27,34,1
22,24,26,27,34,1
22,23,26,27,34,1
22,23,24,27,34,1
22,23,24,26,34,1
22,23,24,26,27,1
29,33,36,38,39,1
7,33,36,38,39,1
16,30,36,37,42,1
30,34,36,37,42,1
3,4,7,20,35,1
11,12,18,21,36,1
3,4,7,20,28,1
11,17,21,30,36,1
8,17,21,30,36,1
8,11,21,30,36,1
8,11,17,30,36,1
8,11,17,21,36,1
8,11,17,21,30,1
12,14,15,24,40,1
10,14,15,24,40,1
10,12,15,24,40,1
10,12,14,24,40,1
10,12,14,15,40,1
10,12,14,15,24,1
12,18,21,26,36,1
11,18,21,26,36,1
11,12,21,26,36,1
11,12,18,26,36,1
2,6,16,24,41,1
2,6,16,19,41,1
2,6,16,19,24,1
12,17,24,28,29,1
14,24,33,34,37,1
14,24,33,34,35,1
16,19,21,22,23,1
11,19,21,22,23,1
11,16,21,22,23,1
11,16,19,22,23,1
11,16,19,21,23,1
11,16,19,21,22,1
2,17,24,28,29,1
12,15,26,35,36,1
2,12,24,28,29,1
2,12,17,28,29,1
2,12,17,24,29,1
2,12,17,24,28,1
8,25,26,33,36,1
4,25,26,33,36,1
4,8,26,33,36,1
4,8,25,33,36,1
14,24,33,35,37,1
14,24,34,35,37,1
14,33,34,35,37,1
24,33,34,35,37,1
2,10,26,29,40,1
2,5,26,29,40,1
2,5,10,29,40,1
2,5,10,26,40,1
2,5,10,26,29,1
12,21,27,35,42,1
4,21,27,35,42,1
4,12,27,35,42,1
4,12,21,35,42,1
4,12,21,27,42,1
4,12,21,27,35,1
21,22,26,35,41,1
16,22,26,35,41,1
16,21,26,35,41,1
16,21,22,35,41,1
16,21,22,26,41,1
16,21,22,26,35,1
4,8,25,26,36,1
4,8,25,26,33,1
3,7,8,9,30,1
7,19,22,23,39,1
9,10,11,23,26,1
8,10,11,23,26,1
8,9,11,23,26,1
8,9,10,23,26,1
8,9,10,11,26,1
8,9,10,11,23,1
22,25,32,34,37,1
12,25,32,34,37,1
12,22,32,34,37,1
12,22,25,34,37,1
12,22,25,32,37,1
12,22,25,32,34,1
10,16,17,28,37,1
10,19,22,25,29,1
10,16,22,25,29,1
10,16,19,25,29,1
10,16,19,22,29,1
7,19,22,23,33,1
7,19,22,33,39,1
1,3,8,9,30,1
7,19,23,33,39,1
1,3,7,9,30,1
1,3,7,8,30,1
1,3,7,8,9,1
7,8,19,21,29,1
6,8,19,21,29,1
6,7,19,21,29,1
6,7,8,21,29,1
6,7,8,19,29,1
6,7,8,19,21,1
10,26,29,35,40,1
6,26,29,35,40,1
6,10,29,35,40,1
6,10,26,35,40,1
6,10,26,29,40,1
6,10,26,29,35,1
19,22,23,33,39,1
7,22,23,33,39,1
5,10,26,29,40,1
11,15,30,31,32,1
11,15,30,31,40,1
1,15,25,26,35,1
1,15,20,25,35,1
1,15,20,25,26,1
7,14,22,23,36,1
4,14,22,23,36,1
4,7,22,23,36,1
4,7,14,23,36,1
4,7,14,22,36,1
4,7,14,22,23,1
7,17,18,19,40,1
5,17,18,19,40,1
5,7,18,19,40,1
5,7,17,19,40,1
5,7,17,18,40,1
5,7,17,18,19,1
16,24,26,36,42,1
1,24,26,36,42,1
1,16,26,36,42,1
1,15,20,26,35,1
1,20,25,26,35,1
1,16,24,26,42,1
15,20,25,26,35,1
8,15,26,35,36,1
8,12,26,35,36,1
8,12,15,35,36,1
8,12,15,26,36,1
8,12,15,26,35,1
4,11,18,29,35,1
1,11,18,29,35,1
1,4,18,29,35,1
1,4,11,29,35,1
1,4,11,18,35,1
1,4,11,18,29,1
5,7,15,34,37,1
2,7,15,34,37,1
2,5,15,34,37,1
2,5,7,34,37,1
2,5,7,15,37,1
2,5,7,15,34,1
1,16,24,36,42,1
1,16,24,26,36,1
11,15,30,32,40,1
1,3,35,41,42,1
1,3,14,35,42,1
1,3,14,35,41,1
5,6,14,33,35,1
2,6,14,33,35,1
2,5,14,33,35,1
2,5,6,33,35,1
2,5,6,14,35,1
2,5,6,14,33,1
19,21,30,35,40,1
7,21,30,35,40,1
7,19,30,35,40,1
7,19,21,35,40,1
7,19,21,30,40,1
7,19,21,30,35,1
15,30,31,32,40,1
11,30,31,32,40,1
11,15,31,32,40,1
1,3,14,41,42,1
1,14,35,41,42,1
8,16,36,37,42,1
3,14,35,41,42,1
5,16,36,37,42,1
5,8,36,37,42,1
5,8,16,37,42,1
5,8,16,36,42,1
5,8,16,36,37,1
6,29,30,35,38,1
1,29,30,35,38,1
1,6,30,35,38,1
1,6,29,35,38,1
1,6,29,30,38,1
1,6,29,30,35,1
15,17,28,32,38,1
1,17,28,32,38,1
1,15,28,32,38,1
1,15,17,32,38,1
1,15,17,28,38,1
1,15,17,28,32,1
4,5,17,31,38,1
4,5,22,31,38,1
4,17,22,31,38,1
6,21,26,35,38,1
3,12,26,27,34,1
20,29,38,39,42,1
5,29,38,39,42,1
5,20,38,39,42,1
5,20,29,39,42,1
5,20,29,38,42,1
5,20,29,38,39,1
10,21,26,35,38,1
6,10,26,35,38,1
11,16,20,30,31,1
6,10,21,35,38,1
6,10,21,26,38,1
6,10,21,26,35,1
6,14,21,29,35,1
5,14,21,29,35,1
5,6,21,29,35,1
5,6,14,29,35,1
5,6,14,21,35,1
3,12,26,27,39,1
3,12,26,34,39,1
3,12,27,34,39,1
3,26,27,34,39,1
13,15,31,37,41,1
13,15,22,37,41,1
13,15,22,31,41,1
13,15,22,31,37,1
5,7,11,27,35,1
3,7,11,27,35,1
3,5,11,27,35,1
3,5,7,27,35,1
3,5,7,11,35,1
3,5,7,11,27,1
12,22,28,36,37,1
4,22,28,36,37,1
4,12,28,36,37,1
4,12,22,36,37,1
4,12,22,28,37,1
4,12,22,28,36,1
12,26,27,34,39,1
5,6,14,21,29,1
10,14,21,22,42,1
7,14,21,22,42,1
3,8,24,31,40,1
5,22,25,27,31,1
1,22,25,27,31,1
1,5,25,27,31,1
1,5,22,27,31,1
1,5,22,25,31,1
1,5,22,25,27,1
17,20,22,23,38,1
8,20,22,23,38,1
8,17,22,23,38,1
8,17,20,23,38,1
8,17,20,22,38,1
8,17,20,22,23,1
4,5,8,26,36,1
1,5,8,26,36,1
1,4,8,26,36,1
1,4,5,26,36,1
1,4,5,8,36,1
3,8,24,31,32,1
3,8,24,32,40,1
7,10,21,22,42,1
3,8,31,32,40,1
7,10,14,22,42,1
7,10,14,21,42,1
7,10,14,21,22,1
26,27,28,31,34,1
13,27,28,31,34,1
13,26,28,31,34,1
13,26,27,31,34,1
13,26,27,28,34,1
13,26,27,28,31,1
13,22,31,32,41,1
2,22,31,32,41,1
2,13,31,32,41,1
2,13,22,32,41,1
2,13,22,31,41,1
2,13,22,31,32,1
8,24,31,32,40,1
3,24,31,32,40,1
13,22,31,37,41,1
15,22,31,37,41,1
19,24,33,36,38,1
1,3,12,20,30,1
1,3,9,12,30,1
1,3,9,12,20,1
8,27,28,35,37,1
3,27,28,35,37,1
3,8,28,35,37,1
3,8,27,35,37,1
3,8,27,28,37,1
3,8,27,28,35,1
9,13,27,37,42,1
8,13,27,37,42,1
8,9,27,37,42,1
8,9,13,37,42,1
8,9,13,27,42,1
8,9,13,27,37,1
9,10,11,17,28,1
2,10,11,17,28,1
2,9,11,17,28,1
1,3,9,20,30,1
1,9,12,20,30,1
2,9,10,11,28,1
3,9,12,20,30,1
10,21,26,33,40,1
10,20,26,33,40,1
10,20,21,33,40,1
10,20,21,26,40,1
10,20,21,26,33,1
10,21,23,26,37,1
8,21,23,26,37,1
8,10,23,26,37,1
8,10,21,26,37,1
8,10,21,23,37,1
8,10,21,23,26,1
3,29,30,34,36,1
1,29,30,34,36,1
1,3,30,34,36,1
1,3,29,34,36,1
1,3,29,30,36,1
1,3,29,30,34,1
2,9,10,17,28,1
2,9,10,11,17,1
19,24,33,36,39,1
1,17,37,38,42,1
1,17,21,37,42,1
1,17,21,37,38,1
27,29,30,35,39,1
8,29,30,35,39,1
8,27,30,35,39,1
8,27,29,35,39,1
8,27,29,30,35,1
17,20,21,28,29,1
2,20,21,28,29,1
2,17,21,28,29,1
2,17,20,28,29,1
2,17,20,21,29,1
2,17,20,21,28,1
24,33,36,38,39,1
19,33,36,38,39,1
19,24,36,38,39,1
19,24,33,38,39,1
1,17,21,38,42,1
1,21,37,38,42,1
6,20,22,24,32,1
17,21,37,38,42,1
2,20,22,24,32,1
2,6,22,24,32,1
2,6,20,24,32,1
2,6,20,22,32,1
2,6,20,22,24,1
12,14,15,17,37,1
6,14,15,17,37,1
6,12,15,17,37,1
6,12,14,17,37,1
6,12,14,15,37,1
6,12,14,15,17,1
19,27,38,40,41,1
2,27,38,40,41,1
2,19,38,40,41,1
2,19,27,40,41,1
2,19,27,38,41,1
2,19,27,38,40,1
1,4,5,8,26,1
5,16,20,30,31,1
5,17,22,31,38,1
5,10,19,29,38,1
4,22,23,28,35,1
1,22,23,28,35,1
1,4,23,28,35,1
1,4,22,28,35,1
1,4,22,23,35,1
1,4,22,23,28,1
10,12,19,29,38,1
5,12,19,29,38,1
5,10,12,29,38,1
5,11,20,30,31,1
5,10,12,19,38,1
5,10,12,19,29,1
2,15,17,22,42,1
1,15,17,22,42,1
1,2,17,22,42,1
1,2,15,22,42,1
1,2,15,17,42,1
1,2,15,17,22,1
6,17,19,25,29,1
6,17,19,25,36,1
6,17,19,29,36,1
6,17,25,29,36,1
13,18,22,35,36,1
13,18,22,24,36,1
13,18,22,24,35,1
10,17,22,33,36,1
2,17,22,33,36,1
2,10,22,33,36,1
2,10,17,33,36,1
2,10,17,22,36,1
2,10,17,22,33,1
14,15,16,33,37,1
11,15,16,33,37,1
11,14,16,33,37,1
11,14,15,33,37,1
11,14,15,16,37,1
11,14,15,16,33,1
17,19,25,29,36,1
6,19,25,29,36,1
3,20,24,31,39,1
1,20,24,31,39,1
1,3,24,31,39,1
22,23,24,25,29,1
2,12,19,33,40,1
2,4,19,33,40,1
2,4,12,33,40,1
2,4,12,19,40,1
2,4,12,19,33,1
5,23,27,38,40,1
3,23,27,38,40,1
3,5,27,38,40,1
3,5,23,38,40,1
3,5,23,27,40,1
3,5,23,27,38,1
16,28,29,30,31,1
9,28,29,30,31,1
9,16,29,30,31,1
9,16,28,30,31,1
9,16,28,29,31,1
9,16,28,29,30,1
4,12,19,33,40,1
22,23,24,25,37,1
1,3,20,31,39,1
22,23,24,29,37,1
1,3,20,24,39,1
1,3,20,24,31,1
13,19,36,39,40,1
5,19,36,39,40,1
5,13,36,39,40,1
5,13,19,39,40,1
5,13,19,36,40,1
5,13,19,36,39,1
10,13,31,38,42,1
5,13,31,38,42,1
5,10,31,38,42,1
5,10,13,38,42,1
5,10,13,31,42,1
5,10,13,31,38,1
23,24,25,29,37,1
22,24,25,29,37,1
22,23,25,29,37,1
13,18,24,35,36,1
13,22,24,35,36,1
18,22,24,35,36,1
3,6,7,20,29,1
15,16,21,22,27,1
1,16,21,22,27,1
1,15,21,22,27,1
1,15,16,22,27,1
1,15,16,21,27,1
1,15,16,21,22,1
8,9,28,39,41,1
5,9,28,39,41,1
5,8,28,39,41,1
5,8,9,39,41,1
5,8,9,28,41,1
5,8,9,28,39,1
11,19,26,32,34,1
3,19,26,32,34,1
3,11,26,32,34,1
3,11,19,32,34,1
3,11,19,26,34,1
3,6,7,20,26,1
3,6,7,26,29,1
25,30,38,39,42,1
3,6,20,26,29,1
5,11,16,30,31,1
5,11,16,20,31,1
5,11,16,20,30,1
6,14,22,23,33,1
5,14,22,23,33,1
5,6,22,23,33,1
5,6,14,23,33,1
5,6,14,22,33,1
5,6,14,22,23,1
10,11,18,21,22,1
2,11,18,21,22,1
2,10,18,21,22,1
2,10,11,21,22,1
2,10,11,18,22,1
2,10,11,18,21,1
6,7,20,26,29,1
3,7,20,26,29,1
3,11,19,26,32,1
24,30,38,39,42,1
7,16,19,34,40,1
4,9,16,25,38,1
5,8,14,21,31,1
4,8,14,21,31,1
4,5,14,21,31,1
4,5,8,21,31,1
4,5,8,14,31,1
4,5,8,14,21,1
16,26,37,38,39,1
9,26,37,38,39,1
9,16,37,38,39,1
9,16,26,38,39,1
9,16,26,37,39,1
9,16,26,37,38,1
16,19,34,40,42,1
7,19,34,40,42,1
7,16,34,40,42,1
7,16,19,40,42,1
7,16,19,34,42,1
4,9,16,25,35,1
4,9,16,35,38,1
24,25,38,39,42,1
4,9,25,35,38,1
24,25,30,39,42,1
24,25,30,38,42,1
24,25,30,38,39,1
8,17,26,28,37,1
1,17,26,28,37,1
1,8,26,28,37,1
1,8,17,28,37,1
1,8,17,26,37,1
1,8,17,26,28,1
25,31,33,34,38,1
5,31,33,34,38,1
5,25,33,34,38,1
5,25,31,34,38,1
5,25,31,33,38,1
5,25,31,33,34,1
9,16,25,35,38,1
4,16,25,35,38,1
10,16,17,35,37,1
4,8,9,20,33,1
10,16,17,28,35,1
4,8,11,25,34,1
3,14,15,28,31,1
3,6,15,28,31,1
3,6,14,28,31,1
3,6,14,15,31,1
3,6,14,15,28,1
8,11,24,25,34,1
4,11,24,25,34,1
4,8,24,25,34,1
4,8,11,24,34,1
9,13,14,33,39,1
4,8,11,24,25,1
4,14,16,23,35,1
3,14,16,23,35,1
3,4,16,23,35,1
3,4,14,23,35,1
3,4,14,16,35,1
3,4,14,16,23,1
17,32,34,38,41,1
6,14,15,28,31,1
1,6,14,18,30,1
1,6,14,18,36,1
1,6,14,30,36,1
4,22,33,34,41,1
4,22,33,34,36,1
14,19,39,41,42,1
10,19,39,41,42,1
10,14,39,41,42,1
10,14,19,41,42,1
10,14,19,39,42,1
10,14,19,39,41,1
2,10,11,18,23,1
1,10,11,18,23,1
1,2,11,18,23,1
1,2,10,18,23,1
1,2,10,11,23,1
1,2,10,11,18,1
6,14,18,30,36,1
1,14,18,30,36,1
1,6,18,30,36,1
10,32,34,38,41,1
10,17,34,38,41,1
10,17,32,38,41,1
9,25,30,31,39,1
6,9,30,31,39,1
6,9,25,31,39,1
6,9,25,30,39,1
6,9,25,30,31,1
10,14,17,18,25,1
6,14,17,18,25,1
6,10,17,18,25,1
6,10,14,18,25,1
6,10,14,17,25,1
15,19,22,35,37,1
12,19,22,35,37,1
12,15,22,35,37,1
12,15,19,35,37,1
12,15,19,22,37,1
12,15,19,22,35,1
13,14,17,33,39,1
9,14,17,33,39,1
6,25,30,31,39,1
27,29,33,34,38,1
10,17,32,34,41,1
27,29,33,34,40,1
10,17,32,34,38,1
15,24,32,34,37,1
8,24,32,34,37,1
8,15,32,34,37,1
8,15,24,34,37,1
8,15,24,32,37,1
8,15,24,32,34,1
21,25,31,35,41,1
13,25,31,35,41,1
13,21,31,35,41,1
13,21,25,35,41,1
13,21,25,31,41,1
13,21,25,31,35,1
29,33,34,38,40,1
27,33,34,38,40,1
27,29,34,38,40,1
27,29,33,38,40,1
4,22,33,36,41,1
4,22,34,36,41,1
4,33,34,36,41,1
5,6,9,24,25,1
6,20,25,39,42,1
6,13,25,39,42,1
6,13,20,39,42,1
6,13,20,25,42,1
6,13,20,25,39,1
26,28,33,38,41,1
11,28,33,38,41,1
11,26,33,38,41,1
11,26,28,38,41,1
11,26,28,33,41,1
11,26,28,33,38,1
12,19,20,23,38,1
4,19,20,23,38,1
4,12,20,23,38,1
4,12,19,23,38,1
4,12,19,20,38,1
4,12,19,20,23,1
13,20,25,39,42,1
5,6,9,24,35,1
4,23,27,31,33,1
5,6,9,25,35,1
6,9,10,19,38,1
6,9,10,19,37,1
12,15,27,28,32,1
9,15,27,28,32,1
9,12,27,28,32,1
9,12,15,28,32,1
9,12,15,27,32,1
9,12,15,27,28,1
28,32,38,39,40,1
9,32,38,39,40,1
9,28,38,39,40,1
9,28,32,39,40,1
9,28,32,38,40,1
9,28,32,38,39,1
6,9,24,25,35,1
5,9,24,25,35,1
5,6,24,25,35,1
15,23,27,31,33,1
4,15,27,31,33,1
22,33,34,36,41,1
2,6,11,12,16,1
2,22,28,33,39,1
2,7,28,33,39,1
2,7,22,33,39,1
2,7,22,28,39,1
2,7,22,28,33,1
8,9,14,34,38,1
2,9,14,34,38,1
2,8,14,34,38,1
2,8,9,34,38,1
2,8,9,14,38,1
2,8,9,14,34,1
14,23,36,37,42,1
3,23,36,37,42,1
3,14,36,37,42,1
3,14,23,37,42,1
3,14,23,36,42,1
3,14,23,36,37,1
7,22,28,33,39,1
2,6,11,12,20,1
4,15,23,31,33,1
2,6,11,16,20,1
4,15,23,27,33,1
4,15,23,27,31,1
12,13,22,32,42,1
8,13,22,32,42,1
8,12,22,32,42,1
8,12,13,32,42,1
8,12,13,22,42,1
8,12,13,22,32,1
9,20,24,30,34,1
8,20,24,30,34,1
8,9,24,30,34,1
8,9,20,30,34,1
8,9,20,24,34,1
8,9,20,24,30,1
6,11,12,16,20,1
2,11,12,16,20,1
2,6,12,16,20,1
9,13,17,33,39,1
9,13,14,17,39,1
6,9,19,37,38,1
14,21,24,25,31,1
1,3,28,31,36,1
1,3,28,29,36,1
1,3,28,29,31,1
21,24,25,31,35,1
14,24,25,31,35,1
14,21,25,31,35,1
14,21,24,31,35,1
14,21,24,25,35,1
13,19,21,22,30,1
9,13,14,17,33,1
3,19,21,22,30,1
3,13,21,22,30,1
3,13,19,22,30,1
3,13,19,21,30,1
3,13,19,21,22,1
16,18,29,32,37,1
8,18,29,32,37,1
8,16,29,32,37,1
1,3,29,31,36,1
1,28,29,31,36,1
3,28,29,31,36,1
21,24,25,35,37,1
12,31,34,35,38,1
2,31,34,35,38,1
2,12,34,35,38,1
2,12,31,35,38,1
2,12,31,34,38,1
2,12,31,34,35,1
18,19,27,32,35,1
4,19,27,32,35,1
4,18,27,32,35,1
4,18,19,32,35,1
4,18,19,27,35,1
4,18,19,27,32,1
24,25,35,37,40,1
21,25,35,37,40,1
21,24,35,37,40,1
21,24,25,37,40,1
21,24,25,35,40,1
8,16,18,32,37,1
8,16,18,29,37,1
8,16,18,29,32,1
5,7,24,37,39,1
5,7,12,24,39,1
5,7,12,24,37,1
3,5,12,29,37,1
1,5,12,29,37,1
1,3,12,29,37,1
1,3,5,29,37,1
1,3,5,12,37,1
1,3,5,12,29,1
21,22,28,33,35,1
11,22,28,33,35,1
11,21,28,33,35,1
11,21,22,33,35,1
11,21,22,28,35,1
11,21,22,28,33,1
19,24,26,28,33,1
5,24,26,28,33,1
5,19,26,28,33,1
5,7,12,37,39,1
5,12,24,37,39,1
6,10,11,33,36,1
7,12,24,37,39,1
4,10,11,33,36,1
4,6,11,33,36,1
4,6,10,33,36,1
4,6,10,11,36,1
4,6,10,11,33,1
6,20,25,26,38,1
5,20,25,26,38,1
5,6,25,26,38,1
5,6,20,26,38,1
5,6,20,25,38,1
5,6,20,25,26,1
16,34,37,39,42,1
4,34,37,39,42,1
4,16,37,39,42,1
4,16,34,39,42,1
4,16,34,37,42,1
4,16,34,37,39,1
1,9,10,18,26,1
1,9,10,18,37,1
1,9,10,26,37,1
2,12,19,22,33,1
2,7,12,22,33,1
2,7,12,19,33,1
2,7,12,19,22,1
6,20,26,33,34,1
1,20,26,33,34,1
1,6,26,33,34,1
1,6,20,33,34,1
1,6,20,26,34,1
1,6,20,26,33,1
14,15,26,39,42,1
3,15,26,39,42,1
3,14,26,39,42,1
3,14,15,39,42,1
3,14,15,26,42,1
3,14,15,26,39,1
24,27,28,36,41,1
5,27,28,36,41,1
2,7,19,22,33,1
7,12,19,22,33,1
5,24,27,36,41,1
2,8,26,33,36,1
9,13,19,32,35,1
3,13,19,32,35,1
3,9,19,32,35,1
3,9,13,32,35,1
3,9,13,19,35,1
3,9,13,19,32,1
19,29,31,33,39,1
18,29,31,33,39,1
18,19,31,33,39,1
18,19,29,33,39,1
18,19,29,31,39,1
18,19,29,31,33,1
8,26,33,36,39,1
2,26,33,36,39,1
2,8,33,36,39,1
2,8,26,36,39,1
2,8,26,33,39,1
5,24,28,36,41,1
5,24,27,28,41,1
1,9,18,26,37,1
6,15,16,19,32,1
6,10,15,19,32,1
6,10,15,16,32,1
6,10,15,16,19,1
26,32,34,36,37,1
5,32,34,36,37,1
5,26,34,36,37,1
5,26,32,36,37,1
5,26,32,34,37,1
5,26,32,34,36,1
5,6,18,40,41,1
4,6,18,40,41,1
4,5,18,40,41,1
4,5,6,40,41,1
4,5,6,18,41,1
4,5,6,18,40,1
9,10,18,26,37,1
1,10,18,26,37,1
6,10,16,19,32,1
10,15,16,19,32,1
5,24,27,28,36,1
4,8,9,32,34,1
10,25,26,34,40,1
9,25,26,34,40,1
9,10,26,34,40,1
9,10,25,34,40,1
9,10,25,26,40,1
9,10,25,26,34,1
8,15,18,27,34,1
3,15,18,27,34,1
3,8,18,27,34,1
3,8,15,27,34,1
3,8,15,18,34,1
3,8,15,18,27,1
8,9,32,34,40,1
4,9,32,34,40,1
4,8,32,34,40,1
4,8,9,34,40,1
4,8,9,32,40,1
6,9,10,37,38,1
6,10,19,37,38,1
5,19,24,26,33,1
8,10,15,31,34,1
6,24,35,37,42,1
6,24,28,37,42,1
6,24,28,35,42,1
6,24,28,35,37,1
10,15,31,34,38,1
8,15,31,34,38,1
8,10,31,34,38,1
8,10,15,34,38,1
19,33,37,38,39,1
4,6,19,25,42,1
17,33,37,38,39,1
17,19,37,38,39,1
17,19,33,38,39,1
17,19,33,37,39,1
17,19,33,37,38,1
11,13,27,32,37,1
9,13,27,32,37,1
9,11,27,32,37,1
6,28,35,37,42,1
24,28,35,37,42,1
1,10,26,28,29,1
1,10,26,28,42,1
3,15,17,28,32,1
17,19,29,35,41,1
4,19,29,35,41,1
4,17,29,35,41,1
4,17,19,35,41,1
4,17,19,29,41,1
4,17,19,29,35,1
7,18,29,32,38,1
1,18,29,32,38,1
1,7,29,32,38,1
1,7,18,32,38,1
1,7,18,29,38,1
1,7,18,29,32,1
10,26,28,29,42,1
1,26,28,29,42,1
1,10,28,29,42,1
1,10,26,29,42,1
9,11,13,32,37,1
9,11,13,27,37,1
9,11,13,27,32,1
2,8,36,38,40,1
2,8,20,36,40,1
2,8,20,36,38,1
5,21,31,32,41,1
2,21,31,32,41,1
2,5,31,32,41,1
2,5,21,32,41,1
2,5,21,31,41,1
2,5,21,31,32,1
10,13,17,21,32,1
2,13,17,21,32,1
2,10,17,21,32,1
2,10,13,21,32,1
2,10,13,17,32,1
2,10,13,17,21,1
6,19,25,41,42,1
4,19,25,41,42,1
4,6,25,41,42,1
2,8,20,38,40,1
2,20,36,38,40,1
15,17,26,29,33,1
8,20,36,38,40,1
4,17,26,29,33,1
4,15,26,29,33,1
4,15,17,29,33,1
4,15,17,26,33,1
4,15,17,26,29,1
18,23,24,28,35,1
2,23,24,28,35,1
2,18,24,28,35,1
2,18,23,28,35,1
2,18,23,24,35,1
2,18,23,24,28,1
2,3,27,28,31,1
1,3,27,28,31,1
1,2,27,28,31,1
1,2,3,28,31,1
1,2,3,27,31,1
1,2,3,27,28,1
3,15,17,28,39,1
3,15,17,32,39,1
3,15,28,32,39,1
21,22,29,30,33,1
12,21,29,30,33,1
12,21,22,30,33,1
12,21,22,29,33,1
12,21,22,29,30,1
8,9,13,28,34,1
3,9,13,28,34,1
3,8,13,28,34,1
3,8,9,28,34,1
3,8,9,13,34,1
3,8,9,13,28,1
6,15,16,17,41,1
3,15,16,17,41,1
3,6,16,17,41,1
3,6,15,17,41,1
3,6,15,16,41,1
3,6,15,16,17,1
6,23,26,32,33,1
12,22,29,30,33,1
18,24,28,33,34,1
4,6,26,32,33,1
18,24,28,33,41,1
2,14,16,21,41,1
2,14,16,21,36,1
18,20,22,34,39,1
11,20,22,34,39,1
11,18,22,34,39,1
11,18,20,34,39,1
11,18,20,22,39,1
11,18,20,22,34,1
8,10,14,17,18,1
6,8,14,17,18,1
6,8,10,17,18,1
6,8,10,14,18,1
6,8,10,14,17,1
24,28,33,34,41,1
18,28,33,34,41,1
18,24,33,34,41,1
18,24,28,34,41,1
4,23,26,32,33,1
4,6,23,32,33,1
3,17,28,32,39,1
4,23,32,34,40,1
2,4,32,34,40,1
2,4,23,34,40,1
2,4,23,32,40,1
2,4,23,32,34,1
17,19,27,28,34,1
16,19,27,28,34,1
16,17,27,28,34,1
16,17,19,28,34,1
16,17,19,27,34,1
16,17,19,27,28,1
7,10,19,40,42,1
2,10,19,40,42,1
2,7,19,40,42,1
2,7,10,40,42,1
2,7,10,19,42,1
2,7,10,19,40,1
15,17,28,32,39,1
2,23,32,34,40,1
9,16,18,29,35,1
4,6,23,26,33,1
9,16,18,29,38,1
4,6,23,26,32,1
13,21,24,31,40,1
6,21,24,31,40,1
6,13,24,31,40,1
6,13,21,31,40,1
6,13,21,24,40,1
6,13,21,24,31,1
5,11,25,27,28,1
2,11,25,27,28,1
2,5,25,27,28,1
2,5,11,27,28,1
2,5,11,25,28,1
2,5,11,25,27,1
16,18,29,35,38,1
9,18,29,35,38,1
9,16,29,35,38,1
9,16,18,35,38,1
4,6,19,41,42,1
4,6,19,25,41,1
9,10,19,37,38,1
6,24,28,31,34,1
1,10,11,13,36,1
10,12,20,29,30,1
2,12,20,29,30,1
2,10,20,29,30,1
2,10,12,29,30,1
2,10,12,20,30,1
2,10,12,20,29,1
12,24,28,31,34,1
6,12,28,31,34,1
10,14,15,29,39,1
6,12,24,31,34,1
6,12,24,28,34,1
6,12,24,28,31,1
13,14,26,33,38,1
9,14,26,33,38,1
9,13,26,33,38,1
9,13,14,33,38,1
9,13,14,26,38,1
1,10,11,13,42,1
1,10,11,36,42,1
1,10,13,36,42,1
1,11,13,36,42,1
4,7,21,32,38,1
4,7,10,32,38,1
4,7,10,21,38,1
4,7,10,21,32,1
10,19,26,27,41,1
1,19,26,27,41,1
1,10,26,27,41,1
1,10,19,27,41,1
1,10,19,26,41,1
1,10,19,26,27,1
7,13,20,24,26,1
6,13,20,24,26,1
6,7,20,24,26,1
6,7,13,24,26,1
6,7,13,20,26,1
6,7,13,20,24,1
10,11,13,36,42,1
9,13,14,26,33,1
15,17,33,35,42,1
10,17,33,35,42,1
3,4,9,16,17,1
11,26,28,38,42,1
11,20,28,38,42,1
11,20,26,38,42,1
11,20,26,28,42,1
11,20,26,28,38,1
9,13,22,34,35,1
7,13,22,34,35,1
7,9,22,34,35,1
7,9,13,34,35,1
7,9,13,22,35,1
7,9,13,22,34,1
16,20,25,39,42,1
9,20,25,39,42,1
9,16,25,39,42,1
9,16,20,39,42,1
9,16,20,25,42,1
9,16,20,25,39,1
20,26,28,38,42,1
3,4,9,16,19,1
10,15,33,35,42,1
3,4,9,17,19,1
10,15,17,35,42,1
10,15,17,33,42,1
10,15,17,33,35,1
10,16,18,20,39,1
10,15,18,20,39,1
10,15,16,20,39,1
10,15,16,18,39,1
10,15,16,18,20,1
4,14,24,36,42,1
1,14,24,36,42,1
1,4,24,36,42,1
1,4,14,36,42,1
1,4,14,24,42,1
1,4,14,24,36,1
4,9,16,17,19,1
3,9,16,17,19,1
3,4,16,17,19,1
4,10,21,32,38,1
7,10,21,32,38,1
2,19,26,30,34,1
4,14,27,33,41,1
4,14,22,27,41,1
4,14,22,27,33,1
12,13,17,24,26,1
10,13,17,24,26,1
10,12,17,24,26,1
10,12,13,24,26,1
10,12,13,17,26,1
10,12,13,17,24,1
9,11,25,32,34,1
4,11,25,32,34,1
4,9,25,32,34,1
4,9,11,32,34,1
4,9,11,25,34,1
4,9,11,25,32,1
8,9,17,24,38,1
5,9,17,24,38,1
5,8,17,24,38,1
4,14,22,33,41,1
4,22,27,33,41,1
5,8,9,17,38,1
14,22,27,33,41,1
9,14,15,29,39,1
9,10,15,29,39,1
9,10,14,29,39,1
9,10,14,15,39,1
9,10,14,15,29,1
16,21,32,35,38,1
3,21,32,35,38,1
3,16,32,35,38,1
3,16,21,35,38,1
3,16,21,32,38,1
3,16,21,32,35,1
11,17,27,32,40,1
7,17,27,32,40,1
7,11,27,32,40,1
7,11,17,32,40,1
7,11,17,27,40,1
7,11,17,27,32,1
5,8,9,24,38,1
5,8,9,17,24,1
2,19,26,30,35,1
20,25,31,34,41,1
20,25,29,31,34,1
10,12,16,29,31,1
5,12,16,29,31,1
5,10,16,29,31,1
5,10,12,29,31,1
5,10,12,16,31,1
5,10,12,16,29,1
14,16,30,35,42,1
5,16,30,35,42,1
5,14,30,35,42,1
5,14,16,35,42,1
5,14,16,30,42,1
5,14,16,30,35,1
19,26,30,34,35,1
2,26,30,34,35,1
2,19,30,34,35,1
2,19,26,34,35,1
20,25,29,31,41,1
20,29,31,34,41,1
27,30,34,38,39,1
25,29,31,34,41,1
4,30,34,38,39,1
4,27,34,38,39,1
4,27,30,38,39,1
4,27,30,34,39,1
4,27,30,34,38,1
13,16,17,32,42,1
12,16,17,32,42,1
12,13,17,32,42,1
12,13,16,32,42,1
12,13,16,17,42,1
12,13,16,17,32,1
14,15,20,23,42,1
11,15,20,23,42,1
11,14,20,23,42,1
11,14,15,23,42,1
11,14,15,20,42,1
11,14,15,20,23,1
5,19,24,28,33,1
5,19,24,26,28,1
2,14,21,36,41,1
12,17,18,21,22,1
1,16,18,25,35,1
1,15,18,25,35,1
1,15,16,25,35,1
1,15,16,18,35,1
1,15,16,18,25,1
17,18,19,21,22,1
12,18,19,21,22,1
12,17,19,21,22,1
12,17,18,19,22,1
1,3,12,18,30,1
12,17,18,19,21,1
19,33,36,41,42,1
10,33,36,41,42,1
10,19,36,41,42,1
10,19,33,41,42,1
10,19,33,36,42,1
10,19,33,36,41,1
6,17,19,34,38,1
15,16,18,25,35,1
1,2,27,30,33,1
1,2,27,30,37,1
1,2,27,33,37,1
5,18,24,28,30,1
5,18,24,28,29,1
11,17,23,29,35,1
3,17,23,29,35,1
3,11,23,29,35,1
3,11,17,29,35,1
3,11,17,23,35,1
3,11,17,23,29,1
15,24,38,41,42,1
6,24,38,41,42,1
6,15,38,41,42,1
6,15,24,41,42,1
6,15,24,38,42,1
6,15,24,38,41,1
2,27,30,33,37,1
1,27,30,33,37,1
1,2,30,33,37,1
2,17,19,34,38,1
2,6,19,34,38,1
2,6,17,34,38,1
16,19,23,32,39,1
5,16,23,32,39,1
5,16,19,32,39,1
5,16,19,23,39,1
5,16,19,23,32,1
6,12,25,27,33,1
4,12,25,27,33,1
4,6,25,27,33,1
4,6,12,27,33,1
4,6,12,25,33,1
4,6,12,25,27,1
20,28,29,30,42,1
10,28,29,30,42,1
10,20,29,30,42,1
10,20,28,30,42,1
10,20,28,29,42,1
10,20,28,29,30,1
3,11,12,18,30,1
5,19,23,32,39,1
2,6,10,15,17,1
2,6,17,19,38,1
2,6,10,15,41,1
2,6,17,19,34,1
13,27,30,34,36,1
4,27,30,34,36,1
4,13,30,34,36,1
4,13,27,34,36,1
4,13,27,30,36,1
4,13,27,30,34,1
15,16,22,39,41,1
5,16,22,39,41,1
5,15,22,39,41,1
5,15,16,39,41,1
5,15,16,22,41,1
5,15,16,22,39,1
6,10,15,17,41,1
2,10,15,17,41,1
2,6,15,17,41,1
2,6,10,17,41,1
5,18,24,29,30,1
5,18,28,29,30,1
5,24,28,29,30,1
7,16,21,29,42,1
5,9,23,29,32,1
2,9,23,29,32,1
2,5,23,29,32,1
2,5,9,29,32,1
2,5,9,23,32,1
2,5,9,23,29,1
12,14,21,26,32,1
3,12,21,26,32,1
3,12,14,26,32,1
3,12,14,21,32,1
3,12,14,21,26,1
3,24,29,36,38,1
2,24,29,36,38,1
2,3,29,36,38,1
2,3,24,36,38,1
2,3,24,29,38,1
2,3,24,29,36,1
7,16,21,29,34,1
7,16,21,34,42,1
1,14,16,19,31,1
7,16,29,34,42,1
6,9,15,21,39,1
6,9,15,19,39,1
6,9,15,19,21,1
10,28,33,34,37,1
2,28,33,34,37,1
2,10,33,34,37,1
2,10,28,34,37,1
2,10,28,33,37,1
2,10,28,33,34,1
6,14,25,31,33,1
1,14,25,31,33,1
1,6,25,31,33,1
1,6,14,31,33,1
1,6,14,25,33,1
1,6,14,25,31,1
16,21,29,34,42,1
7,21,29,34,42,1
5,14,16,19,31,1
1,5,16,19,31,1
18,24,28,29,30,1
2,4,20,23,37,1
2,17,21,35,41,1
2,8,21,35,41,1
2,8,17,35,41,1
2,8,17,21,41,1
2,8,17,21,35,1
18,23,32,34,40,1
3,23,32,34,40,1
3,18,32,34,40,1
3,18,23,34,40,1
3,18,23,32,40,1
3,18,23,32,34,1
12,13,28,32,39,1
9,13,28,32,39,1
9,12,28,32,39,1
9,12,13,32,39,1
9,12,13,28,39,1
9,12,13,28,32,1
8,17,21,35,41,1
2,4,20,23,41,1
1,5,14,19,31,1
2,4,20,37,41,1
1,5,14,16,31,1
1,5,14,16,19,1
8,15,21,22,27,1
3,15,21,22,27,1
3,8,21,22,27,1
3,8,15,22,27,1
3,8,15,21,27,1
3,8,15,21,22,1
9,12,22,27,30,1
3,12,22,27,30,1
3,9,22,27,30,1
3,9,12,27,30,1
3,9,12,22,30,1
3,9,12,22,27,1
4,20,23,37,41,1
2,20,23,37,41,1
2,4,23,37,41,1
1,11,12,18,30,1
1,3,11,18,30,1
6,15,19,21,39,1
1,3,8,21,33,1
3,7,25,35,36,1
3,7,25,34,36,1
3,7,25,34,35,1
3,8,21,33,42,1
1,8,21,33,42,1
1,3,21,33,42,1
1,3,8,33,42,1
1,3,8,21,42,1
8,18,19,21,38,1
1,3,11,12,30,1
3,18,19,21,38,1
3,8,19,21,38,1
3,8,18,21,38,1
3,8,18,19,38,1
3,8,18,19,21,1
15,24,25,28,40,1
6,24,25,28,40,1
6,15,25,28,40,1
3,7,34,35,36,1
3,25,34,35,36,1
7,25,34,35,36,1
5,14,16,25,31,1
2,9,11,38,40,1
20,23,28,35,41,1
3,23,28,35,41,1
3,20,28,35,41,1
3,20,23,35,41,1
3,20,23,28,41,1
3,20,23,28,35,1
16,17,18,26,37,1
4,17,18,26,37,1
4,16,18,26,37,1
4,16,17,26,37,1
4,16,17,18,37,1
4,16,17,18,26,1
14,16,25,31,39,1
5,16,25,31,39,1
5,14,25,31,39,1
5,14,16,31,39,1
6,15,24,28,40,1
6,15,24,25,40,1
6,15,24,25,28,1
1,5,17,22,31,1
1,5,17,21,22,1
15,18,20,25,32,1
5,18,20,25,32,1
5,15,20,25,32,1
5,15,18,25,32,1
5,15,18,20,32,1
5,15,18,20,25,1
22,24,26,27,35,1
16,24,26,27,35,1
16,22,26,27,35,1
16,22,24,27,35,1
16,22,24,26,35,1
16,22,24,26,27,1
6,14,15,25,34,1
5,14,15,25,34,1
5,6,15,25,34,1
5,6,14,25,34,1
1,5,17,21,31,1
1,5,21,22,31,1
14,17,33,35,40,1
1,17,21,22,31,1
8,17,33,35,40,1
8,14,33,35,40,1
8,14,17,35,40,1
8,14,17,33,40,1
8,14,17,33,35,1
12,18,21,26,34,1
11,18,21,26,34,1
11,12,21,26,34,1
11,12,18,26,34,1
11,12,18,21,34,1
9,31,33,35,36,1
7,31,33,35,36,1
7,9,33,35,36,1
7,9,31,35,36,1
7,9,31,33,36,1
7,9,31,33,35,1
5,17,21,22,31,1
2,9,11,38,41,1
2,9,11,40,41,1
2,9,38,40,41,1
5,9,16,21,29,1
1,5,16,21,29,1
1,5,9,21,29,1
1,5,9,16,29,1
1,5,9,16,21,1
7,8,15,16,42,1
4,8,15,16,42,1
4,7,15,16,42,1
4,7,8,16,42,1
4,7,8,15,42,1
4,7,8,15,16,1
5,20,25,37,42,1
1,20,25,37,42,1
1,5,25,37,42,1
1,5,20,37,42,1
1,5,20,25,42,1
1,5,20,25,37,1
8,14,22,27,33,1
1,9,16,21,29,1
10,14,18,20,32,1
3,8,22,27,33,1
10,14,18,20,39,1
1,3,11,12,18,1
11,14,21,31,39,1
5,14,21,31,39,1
5,11,21,31,39,1
5,11,14,31,39,1
5,11,14,21,39,1
5,11,14,21,31,1
13,21,22,27,42,1
7,21,22,27,42,1
7,13,22,27,42,1
7,13,21,27,42,1
7,13,21,22,42,1
7,13,21,22,27,1
14,18,20,32,39,1
10,18,20,32,39,1
10,14,20,32,39,1
10,14,18,32,39,1
3,14,22,27,33,1
3,8,14,27,33,1
2,11,38,40,41,1
9,17,19,28,30,1
2,9,19,28,30,1
2,9,17,28,30,1
2,9,17,19,30,1
2,9,17,19,28,1
10,30,31,35,36,1
4,30,31,35,36,1
4,10,31,35,36,1
4,10,30,35,36,1
4,10,30,31,36,1
4,10,30,31,35,1
3,17,20,32,40,1
1,17,20,32,40,1
1,3,20,32,40,1
1,3,17,32,40,1
1,3,17,20,40,1
1,3,17,20,32,1
9,11,38,40,41,1
2,17,19,28,30,1
3,12,17,27,29,1
3,8,14,22,33,1
3,12,17,27,33,1
3,8,14,22,27,1
11,14,24,26,42,1
3,14,24,26,42,1
3,11,24,26,42,1
3,11,14,26,42,1
3,11,14,24,42,1
3,11,14,24,26,1
3,18,19,29,32,1
2,18,19,29,32,1
2,3,19,29,32,1
2,3,18,29,32,1
2,3,18,19,32,1
2,3,18,19,29,1
12,17,27,29,33,1
3,17,27,29,33,1
3,12,27,29,33,1
3,12,17,29,33,1
6,9,19,21,39,1
9,15,19,21,39,1
9,17,28,30,42,1
14,15,27,30,41,1
12,20,30,36,42,1
12,20,30,36,40,1
15,28,29,35,37,1
14,28,29,35,37,1
14,15,29,35,37,1
14,15,28,35,37,1
14,15,28,29,37,1
14,15,28,29,35,1
10,15,27,30,41,1
5,8,16,32,38,1
10,14,27,30,41,1
10,14,15,30,41,1
10,14,15,27,41,1
10,14,15,27,30,1
5,17,28,33,35,1
4,17,28,33,35,1
4,5,28,33,35,1
4,5,17,33,35,1
12,20,30,40,42,1
12,20,36,40,42,1
12,30,36,40,42,1
20,30,36,40,42,1
9,20,21,24,27,1
9,12,21,24,27,1
9,12,20,24,27,1
9,12,20,21,27,1
9,12,20,21,24,1
14,22,23,27,40,1
4,22,23,27,40,1
4,14,23,27,40,1
4,14,22,27,40,1
4,14,22,23,40,1
4,14,22,23,27,1
3,10,14,17,42,1
2,10,14,17,42,1
2,3,14,17,42,1
2,3,10,17,42,1
2,3,10,14,42,1
2,3,10,14,17,1
4,5,17,28,35,1
4,5,17,28,33,1
6,9,16,25,30,1
5,8,9,36,41,1
5,8,9,16,36,1
3,23,33,36,42,1
2,23,33,36,42,1
2,3,33,36,42,1
2,3,23,36,42,1
2,3,23,33,42,1
2,3,23,33,36,1
7,13,18,20,24,1
2,13,18,20,24,1
2,7,18,20,24,1
2,7,13,20,24,1
2,7,13,18,24,1
2,7,13,18,20,1
8,16,32,38,42,1
5,16,32,38,42,1
5,8,32,38,42,1
5,8,16,38,42,1
5,8,9,16,41,1
5,8,16,36,41,1
4,9,16,25,30,1
5,9,16,36,41,1
4,6,16,25,30,1
4,6,9,25,30,1
4,6,9,16,30,1
4,6,9,16,25,1
11,25,34,39,42,1
3,25,34,39,42,1
3,11,34,39,42,1
3,11,25,39,42,1
3,11,25,34,42,1
3,11,25,34,39,1
16,18,26,33,36,1
11,18,26,33,36,1
11,16,26,33,36,1
11,16,18,33,36,1
11,16,18,26,36,1
11,16,18,26,33,1
8,9,16,36,41,1
12,20,21,24,27,1
13,18,30,33,38,1
13,18,30,33,40,1
2,5,27,34,39,1
2,5,25,27,39,1
2,5,25,27,34,1
25,26,27,30,38,1
8,26,27,30,38,1
8,25,27,30,38,1
8,25,26,30,38,1
8,25,26,27,38,1
8,25,26,27,30,1
18,26,32,36,41,1
2,26,32,36,41,1
2,18,32,36,41,1
2,18,26,36,41,1
2,18,26,32,41,1
2,18,26,32,36,1
8,9,15,35,42,1
4,9,15,35,42,1
4,8,15,35,42,1
2,5,25,34,39,1
2,25,27,34,39,1
4,8,9,15,42,1
5,25,27,34,39,1
1,17,28,30,42,1
1,9,28,30,42,1
1,9,17,30,42,1
1,9,17,28,42,1
1,9,17,28,30,1
14,17,18,22,34,1
13,17,18,22,34,1
13,14,18,22,34,1
13,14,17,22,34,1
13,14,17,18,34,1
13,14,17,18,22,1
11,17,18,27,32,1
8,17,18,27,32,1
8,11,18,27,32,1
8,11,17,27,32,1
8,11,17,18,32,1
8,11,17,18,27,1
4,8,9,35,42,1
4,8,9,15,35,1
13,18,30,38,40,1
5,19,23,26,41,1
5,19,22,23,41,1
5,19,22,23,26,1
8,20,29,31,42,1
5,20,29,31,42,1
5,8,29,31,42,1
5,8,20,31,42,1
5,8,20,29,42,1
5,8,20,29,31,1
28,34,35,39,42,1
21,34,35,39,42,1
21,28,35,39,42,1
21,28,34,39,42,1
21,28,34,35,42,1
21,28,34,35,39,1
18,30,33,38,40,1
13,30,33,38,40,1
13,18,33,38,40,1
5,19,22,26,41,1
5,22,23,26,41,1
9,22,24,35,40,1
19,22,23,26,41,1
1,22,24,35,40,1
1,9,24,35,40,1
1,9,22,35,40,1
1,9,22,24,40,1
1,9,22,24,35,1
12,21,26,38,42,1
4,21,26,38,42,1
4,12,26,38,42,1
4,12,21,38,42,1
4,12,21,26,42,1
4,12,21,26,38,1
9,11,15,19,32,1
8,11,15,19,32,1
8,9,15,19,32,1
8,9,11,19,32,1
8,9,11,15,32,1
8,9,11,15,19,1
5,8,16,32,42,1
9,18,32,33,37,1
1,13,14,24,35,1
9,13,14,25,42,1
9,10,16,17,35,1
16,17,18,24,27,1
13,17,18,24,27,1
13,16,18,24,27,1
13,16,17,24,27,1
13,16,17,18,27,1
13,16,17,18,24,1
12,13,14,25,42,1
9,12,14,25,42,1
1,18,32,33,37,1
9,12,13,25,42,1
9,12,13,14,42,1
9,12,13,14,25,1
13,16,17,37,41,1
9,16,17,37,41,1
9,13,17,37,41,1
9,13,16,37,41,1
9,13,16,17,41,1
9,10,16,17,38,1
9,10,16,35,38,1
9,10,17,35,38,1
9,16,17,35,38,1
5,15,38,40,41,1
5,15,23,40,41,1
5,15,23,38,41,1
5,15,23,38,40,1
11,18,25,34,38,1
9,18,25,34,38,1
9,11,25,34,38,1
9,11,18,34,38,1
9,11,18,25,38,1
9,11,18,25,34,1
13,15,17,20,34,1
4,15,17,20,34,1
4,13,17,20,34,1
4,13,15,20,34,1
4,13,15,17,34,1
4,13,15,17,20,1
10,16,17,35,38,1
9,13,16,17,37,1
12,22,26,40,41,1
11,22,26,40,41,1
4,10,15,18,28,1
28,30,34,35,42,1
7,30,34,35,42,1
7,28,34,35,42,1
7,28,30,35,42,1
7,28,30,34,42,1
7,28,30,34,35,1
25,34,37,41,42,1
18,34,37,41,42,1
18,25,37,41,42,1
18,25,34,41,42,1
18,25,34,37,42,1
18,25,34,37,41,1
13,14,24,35,41,1
1,14,24,35,41,1
1,13,24,35,41,1
1,13,14,35,41,1
1,13,14,24,41,1
4,10,15,18,21,1
4,10,15,21,28,1
11,12,26,40,41,1
4,10,18,21,28,1
11,12,22,40,41,1
11,12,22,26,41,1
11,12,22,26,40,1
10,14,22,24,36,1
2,14,22,24,36,1
2,10,22,24,36,1
2,10,14,24,36,1
2,10,14,22,36,1
2,10,14,22,24,1
6,7,19,25,33,1
4,7,19,25,33,1
4,6,19,25,33,1
4,6,7,25,33,1
4,6,7,19,33,1
4,6,7,19,25,1
10,15,18,21,28,1
4,15,18,21,28,1
5,23,38,40,41,1
15,23,38,40,41,1
10,13,17,22,29,1
5,14,19,27,29,1
5,14,19,23,27,1
17,20,21,30,36,1
1,20,21,30,36,1
1,17,21,30,36,1
1,17,20,30,36,1
1,17,20,21,36,1
1,17,20,21,30,1
14,20,29,34,35,1
7,20,29,34,35,1
7,14,29,34,35,1
7,14,20,34,35,1
7,14,20,29,35,1
7,14,20,29,34,1
14,23,24,30,42,1
5,23,24,30,42,1
5,14,24,30,42,1
5,14,23,30,42,1
5,14,19,23,29,1
5,14,23,27,29,1
5,14,23,24,30,1
5,19,23,27,29,1
1,9,32,33,37,1
1,9,18,33,37,1
1,9,18,32,37,1
1,9,18,32,33,1
24,30,31,34,41,1
4,30,31,34,41,1
4,24,31,34,41,1
4,24,30,34,41,1
4,24,30,31,41,1
4,24,30,31,34,1
10,16,18,23,33,1
3,16,18,23,33,1
3,10,18,23,33,1
3,10,16,23,33,1
3,10,16,18,33,1
3,10,16,18,23,1
14,19,23,27,29,1
5,14,23,24,42,1
16,17,24,35,41,1
10,13,17,22,32,1
7,18,21,29,30,1
7,18,21,28,29,1
13,16,22,36,38,1
8,16,22,36,38,1
8,13,22,36,38,1
8,13,16,36,38,1
8,13,16,22,38,1
8,13,16,22,36,1
7,10,11,14,27,1
5,10,11,14,27,1
5,7,11,14,27,1
5,7,10,14,27,1
5,7,10,11,27,1
5,7,10,11,14,1
13,17,22,29,32,1
10,17,22,29,32,1
10,13,22,29,32,1
10,13,17,29,32,1
7,18,21,28,30,1
7,18,28,29,30,1
11,17,24,35,41,1
7,21,28,29,30,1
11,16,24,35,41,1
11,16,17,35,41,1
11,16,17,24,41,1
11,16,17,24,35,1
8,11,19,25,32,1
4,11,19,25,32,1
4,8,19,25,32,1
4,8,11,25,32,1
4,8,11,19,32,1
4,8,11,19,25,1
15,19,27,30,34,1
3,19,27,30,34,1
3,15,27,30,34,1
3,15,19,30,34,1
3,15,19,27,34,1
3,15,19,27,30,1
18,21,28,29,30,1
2,14,16,36,41,1
2,16,21,36,41,1
15,24,25,27,33,1
3,7,9,14,41,1
20,25,31,35,38,1
20,25,30,35,38,1
20,25,30,31,38,1
20,25,30,31,35,1
7,9,14,18,41,1
3,9,14,18,41,1
3,7,14,18,41,1
3,7,9,18,41,1
3,7,9,14,18,1
22,25,31,33,39,1
27,29,30,37,39,1
8,29,30,37,39,1
8,27,30,37,39,1
8,27,29,37,39,1
8,27,29,30,37,1
6,18,20,25,41,1
2,18,20,25,41,1
2,6,20,25,41,1
20,30,31,35,38,1
25,30,31,35,38,1
4,29,33,34,36,1
4,29,33,34,39,1
9,16,20,28,30,1
18,34,37,38,39,1
8,34,37,38,39,1
8,18,37,38,39,1
8,18,34,38,39,1
8,18,34,37,39,1
8,18,34,37,38,1
5,8,17,19,26,1
3,8,17,19,26,1
3,5,17,19,26,1
3,5,8,19,26,1
3,5,8,17,26,1
3,5,8,17,19,1
29,33,34,36,39,1
4,33,34,36,39,1
4,29,34,36,39,1
4,29,33,36,39,1
2,6,18,25,41,1
2,6,18,20,41,1
2,6,18,20,25,1
5,13,25,33,35,1
5,13,20,25,35,1
5,13,20,25,33,1
9,16,20,22,37,1
7,16,20,22,37,1
7,9,20,22,37,1
7,9,16,22,37,1
7,9,16,20,37,1
7,9,16,20,22,1
13,15,20,27,28,1
11,15,20,27,28,1
11,13,20,27,28,1
11,13,15,27,28,1
11,13,15,20,28,1
11,13,15,20,27,1
25,31,33,38,39,1
22,31,33,38,39,1
22,25,33,38,39,1
5,13,20,33,35,1
5,20,25,33,35,1
10,13,21,23,25,1
13,20,25,33,35,1
8,13,21,23,25,1
8,10,21,23,25,1
8,10,13,23,25,1
8,10,13,21,25,1
8,10,13,21,23,1
17,24,31,37,38,1
7,24,31,37,38,1
7,17,31,37,38,1
7,17,24,37,38,1
7,17,24,31,38,1
7,17,24,31,37,1
2,7,12,24,39,1
1,7,12,24,39,1
1,2,12,24,39,1
1,2,7,24,39,1
1,2,7,12,39,1
1,2,7,12,24,1
9,16,20,28,33,1
9,16,20,30,33,1
9,16,28,30,33,1
26,28,31,33,37,1
11,26,31,33,37,1
11,26,28,33,37,1
11,26,28,31,37,1
11,26,28,31,33,1
13,14,15,16,31,1
11,14,15,16,31,1
11,13,15,16,31,1
11,13,14,16,31,1
11,13,14,15,31,1
11,13,14,15,16,1
3,4,6,8,22,1
2,4,6,8,22,1
2,3,6,8,22,1
2,3,4,8,22,1
2,3,4,6,22,1
2,3,4,6,8,1
9,12,21,24,26,1
11,28,31,33,37,1
5,12,19,24,27,1
7,9,21,24,26,1
5,12,19,24,32,1
5,17,18,22,23,1
29,34,38,41,42,1
6,34,38,41,42,1
6,29,38,41,42,1
6,29,34,41,42,1
6,29,34,38,42,1
6,29,34,38,41,1
16,25,36,38,41,1
15,25,36,38,41,1
15,16,36,38,41,1
15,16,25,38,41,1
15,16,25,36,41,1
15,16,25,36,38,1
12,19,24,27,32,1
5,19,24,27,32,1
5,12,24,27,32,1
5,12,19,27,32,1
7,12,21,24,26,1
7,9,12,24,26,1
9,20,28,30,33,1
17,24,30,35,37,1
4,17,30,35,37,1
4,17,24,35,37,1
4,17,24,30,37,1
4,17,24,30,35,1
21,24,26,29,30,1
13,24,26,29,30,1
13,21,26,29,30,1
13,21,24,29,30,1
13,21,24,26,30,1
13,21,24,26,29,1
13,14,22,26,33,1
12,14,22,26,33,1
12,13,22,26,33,1
12,13,14,26,33,1
12,13,14,22,33,1
12,13,14,22,26,1
16,20,28,30,33,1
4,24,30,35,37,1
2,6,10,19,27,1
7,9,12,21,26,1
2,6,10,19,33,1
7,9,12,21,24,1
10,14,15,33,34,1
3,14,15,33,34,1
3,10,15,33,34,1
3,10,14,33,34,1
3,10,14,15,34,1
3,10,14,15,33,1
28,37,38,39,42,1
17,37,38,39,42,1
17,28,38,39,42,1
17,28,37,39,42,1
17,28,37,38,42,1
17,28,37,38,39,1
6,10,19,27,33,1
2,10,19,27,33,1
2,6,19,27,33,1
2,6,10,27,33,1
22,25,31,38,39,1
22,25,31,33,38,1
5,17,18,23,24,1
17,28,30,36,38,1
2,17,21,24,30,1
3,9,14,27,28,1
1,9,14,27,28,1
1,3,14,27,28,1
1,3,9,27,28,1
1,3,9,14,28,1
1,3,9,14,27,1
21,28,30,36,38,1
17,21,30,36,38,1
6,9,14,18,27,1
17,21,28,36,38,1
17,21,28,30,38,1
17,21,28,30,36,1
5,18,30,34,42,1
4,18,30,34,42,1
4,5,30,34,42,1
4,5,18,34,42,1
4,5,18,30,42,1
2,17,21,24,32,1
2,17,21,30,32,1
2,17,24,30,32,1
2,21,24,30,32,1
1,12,20,23,42,1
1,9,20,23,42,1
1,9,12,23,42,1
1,9,12,20,42,1
1,9,12,20,23,1
7,8,9,23,30,1
1,8,9,23,30,1
1,7,9,23,30,1
1,7,8,23,30,1
1,7,8,9,23,1
5,8,11,29,31,1
3,8,11,29,31,1
3,5,11,29,31,1
3,5,8,29,31,1
3,5,8,11,31,1
3,5,8,11,29,1
17,21,24,30,32,1
4,5,18,30,34,1
27,33,34,35,41,1
10,33,34,35,41,1
25,26,28,31,42,1
16,18,33,36,38,1
2,18,33,36,38,1
2,16,33,36,38,1
2,16,18,36,38,1
2,16,18,33,38,1
2,16,18,33,36,1
9,27,28,35,40,1
1,27,28,35,40,1
1,9,28,35,40,1
1,9,27,35,40,1
1,9,27,28,40,1
1,9,27,28,35,1
9,14,15,33,35,1
5,14,15,33,35,1
5,9,15,33,35,1
5,9,14,33,35,1
5,9,14,15,35,1
25,26,28,31,39,1
25,26,28,39,42,1
10,27,34,35,41,1
25,26,31,39,42,1
10,27,33,35,41,1
10,27,33,34,41,1
10,27,33,34,35,1
9,13,19,22,36,1
1,13,19,22,36,1
1,9,19,22,36,1
1,9,13,22,36,1
1,9,13,19,36,1
1,9,13,19,22,1
7,21,28,31,41,1
2,21,28,31,41,1
2,7,28,31,41,1
2,7,21,31,41,1
2,7,21,28,41,1
2,7,21,28,31,1
26,28,31,39,42,1
25,28,31,39,42,1
9,12,20,23,42,1
2,11,13,22,27,1
2,11,13,22,36,1
10,14,33,35,39,1
10,14,24,33,39,1
10,14,24,33,35,1
15,19,27,29,35,1
10,19,27,29,35,1
10,15,27,29,35,1
10,15,19,29,35,1
10,15,19,27,35,1
10,15,19,27,29,1
5,7,12,36,40,1
1,7,12,36,40,1
1,5,12,36,40,1
1,5,7,36,40,1
1,5,7,12,40,1
1,5,7,12,36,1
12,22,27,33,41,1
9,22,27,33,41,1
9,12,27,33,41,1
10,14,24,35,39,1
10,24,33,35,39,1
9,12,22,27,41,1
14,24,33,35,39,1
3,9,14,18,27,1
3,6,14,18,27,1
3,6,9,18,27,1
3,6,9,14,27,1
3,6,9,14,18,1
8,32,36,39,40,1
3,32,36,39,40,1
3,8,36,39,40,1
3,8,32,39,40,1
3,8,32,36,40,1
3,8,32,36,39,1
6,11,27,33,35,1
2,11,27,33,35,1
2,6,27,33,35,1
2,6,11,33,35,1
2,6,11,27,35,1
2,6,11,27,33,1
9,12,22,33,41,1
9,12,22,27,33,1
2,11,13,27,36,1
10,23,28,36,38,1
10,23,26,28,38,1
10,23,26,28,36,1
6,8,28,35,41,1
5,8,28,35,41,1
5,6,28,35,41,1
5,6,8,35,41,1
5,6,8,28,41,1
5,6,8,28,35,1
6,28,34,35,42,1
1,28,34,35,42,1
1,6,34,35,42,1
1,6,28,35,42,1
1,6,28,34,42,1
1,6,28,34,35,1
11,13,22,27,36,1
2,13,22,27,36,1
2,11,22,27,36,1
10,23,26,36,38,1
10,26,28,36,38,1
27,33,34,37,41,1
23,26,28,36,38,1
15,33,34,37,41,1
15,27,34,37,41,1
15,27,33,37,41,1
15,27,33,34,41,1
15,27,33,34,37,1
19,25,30,33,41,1
3,25,30,33,41,1
3,19,30,33,41,1
3,19,25,33,41,1
3,19,25,30,41,1
3,19,25,30,33,1
11,12,18,27,30,1
2,12,18,27,30,1
2,11,18,27,30,1
2,11,12,27,30,1
2,11,12,18,30,1
2,11,12,18,27,1
5,17,18,22,24,1
5,17,22,23,24,1
17,25,29,32,34,1
2,12,32,34,36,1
8,12,16,31,40,1
8,12,16,31,38,1
21,23,24,25,38,1
14,23,24,25,38,1
14,21,24,25,38,1
14,21,23,25,38,1
14,21,23,24,38,1
14,21,23,24,25,1
1,12,32,34,36,1
5,9,13,28,38,1
1,2,32,34,36,1
1,2,12,34,36,1
1,2,12,32,36,1
1,2,12,32,34,1
16,23,25,37,41,1
12,23,25,37,41,1
12,16,25,37,41,1
12,16,23,37,41,1
8,12,16,38,40,1
8,12,31,38,40,1
8,16,31,38,40,1
12,16,31,38,40,1
2,25,28,32,33,1
2,19,28,32,33,1
2,19,25,32,33,1
2,19,25,28,33,1
2,19,25,28,32,1
11,13,18,19,24,1
6,13,18,19,24,1
6,11,18,19,24,1
6,11,13,19,24,1
6,11,13,18,24,1
6,11,13,18,19,1
16,19,28,29,34,1
8,19,28,29,34,1
8,16,28,29,34,1
8,16,19,29,34,1
8,16,19,28,34,1
8,16,19,28,29,1
12,16,23,25,41,1
12,16,23,25,37,1
12,19,28,33,38,1
1,5,12,16,38,1
5,6,8,17,29,1
4,6,8,17,29,1
4,5,8,17,29,1
4,5,6,17,29,1
4,5,6,8,29,1
4,5,6,8,17,1
11,15,23,25,34,1
1,15,23,25,34,1
1,11,23,25,34,1
1,11,15,25,34,1
1,11,15,23,34,1
1,11,15,23,25,1
11,12,22,26,33,1
6,12,22,26,33,1
6,11,22,26,33,1
6,11,12,26,33,1
6,11,12,22,33,1
1,5,12,16,27,1
1,5,12,27,38,1
8,19,28,33,38,1
1,5,16,27,38,1
8,12,28,33,38,1
8,12,19,33,38,1
8,12,19,28,38,1
8,12,19,28,33,1
12,19,29,39,40,1
4,19,29,39,40,1
4,12,29,39,40,1
4,12,19,39,40,1
4,12,19,29,40,1
4,12,19,29,39,1
25,27,29,34,41,1
20,27,29,34,41,1
20,25,27,34,41,1
20,25,27,29,41,1
20,25,27,29,34,1
5,12,16,27,38,1
1,12,16,27,38,1
19,25,28,32,33,1
10,14,17,35,37,1
10,14,17,35,39,1
1,17,21,22,39,1
1,17,20,21,39,1
1,17,20,21,22,1
12,18,33,39,40,1
7,18,33,39,40,1
7,12,33,39,40,1
7,12,18,39,40,1
7,12,18,33,40,1
7,12,18,33,39,1
15,16,27,31,42,1
4,16,27,31,42,1
4,15,27,31,42,1
4,15,16,31,42,1
4,15,16,27,42,1
4,15,16,27,31,1
10,25,30,31,35,1
1,25,30,31,35,1
1,10,30,31,35,1
1,17,20,22,39,1
1,20,21,22,39,1
1,10,25,30,35,1
17,20,21,22,39,1
7,24,25,27,33,1
7,15,25,27,33,1
7,15,24,27,33,1
7,15,24,25,33,1
7,15,24,25,27,1
7,8,9,20,33,1
5,6,14,15,34,1
4,7,9,20,33,1
4,7,8,20,33,1
4,7,8,9,33,1
4,7,8,9,20,1
18,24,27,29,39,1
6,24,27,29,39,1
6,18,27,29,39,1
6,18,24,29,39,1
6,18,24,27,39,1
6,18,24,27,29,1
1,10,25,31,35,1
1,10,25,30,31,1
10,14,17,37,39,1
1,12,35,36,39,1
1,12,34,35,39,1
1,12,34,35,36,1
8,23,33,34,41,1
6,23,33,34,41,1
6,8,33,34,41,1
6,8,23,34,41,1
6,8,23,33,41,1
6,8,23,33,34,1
4,7,14,31,37,1
3,7,14,31,37,1
3,4,14,31,37,1
3,4,7,31,37,1
3,4,7,14,37,1
3,4,7,14,31,1
14,17,35,37,39,1
10,17,35,37,39,1
10,14,35,37,39,1
1,12,34,36,39,1
1,34,35,36,39,1
19,24,29,34,37,1
12,34,35,36,39,1
11,24,29,34,37,1
11,19,29,34,37,1
11,19,24,34,37,1
11,19,24,29,37,1
11,19,24,29,34,1
18,31,33,38,41,1
16,31,33,38,41,1
16,18,33,38,41,1
16,18,31,38,41,1
16,18,31,33,41,1
16,18,31,33,38,1
8,14,31,37,38,1
2,14,31,37,38,1
2,8,31,37,38,1
2,8,14,37,38,1
2,8,14,31,38,1
2,8,14,31,37,1
6,11,12,22,26,1
4,9,13,28,38,1
5,18,22,23,24,1
2,3,11,15,28,1
18,32,37,38,41,1
18,20,37,38,41,1
18,20,32,38,41,1
18,20,32,37,41,1
18,20,32,37,38,1
3,11,14,15,28,1
2,11,14,15,28,1
2,3,14,15,28,1
2,3,11,14,28,1
4,5,13,28,38,1
2,3,11,14,15,1
4,14,21,22,36,1
2,14,21,22,36,1
2,4,21,22,36,1
2,4,14,22,36,1
2,4,14,21,36,1
2,4,14,21,22,1
10,11,12,20,42,1
20,32,37,38,41,1
1,12,22,33,34,1
1,12,22,33,38,1
1,12,22,34,38,1
16,20,22,26,34,1
16,20,22,26,31,1
6,13,28,34,37,1
3,13,28,34,37,1
3,6,28,34,37,1
3,6,13,34,37,1
3,6,13,28,37,1
3,6,13,28,34,1
11,13,16,22,33,1
6,13,16,22,33,1
6,11,16,22,33,1
6,11,13,22,33,1
6,11,13,16,33,1
6,11,13,16,22,1
12,22,33,34,38,1
1,22,33,34,38,1
1,12,33,34,38,1
1,11,12,20,42,1
1,10,12,20,42,1
1,10,11,20,42,1
24,26,33,35,41,1
17,24,33,35,41,1
17,24,26,35,41,1
17,24,26,33,41,1
17,24,26,33,35,1
5,15,26,27,32,1
4,15,26,27,32,1
4,5,26,27,32,1
4,5,15,27,32,1
4,5,15,26,32,1
4,5,15,26,27,1
10,19,33,34,38,1
6,19,33,34,38,1
6,10,33,34,38,1
6,10,19,34,38,1
6,10,19,33,38,1
6,10,19,33,34,1
17,18,22,23,24,1
17,26,33,35,41,1
7,9,16,27,39,1
1,10,11,12,42,1
7,9,16,27,42,1
1,10,11,12,20,1
12,13,15,18,22,1
9,13,15,18,22,1
9,12,15,18,22,1
9,12,13,18,22,1
9,12,13,15,22,1
9,12,13,15,18,1
20,27,30,37,41,1
7,27,30,37,41,1
7,20,30,37,41,1
7,20,27,37,41,1
7,20,27,30,41,1
7,20,27,30,37,1
9,16,27,39,42,1
7,16,27,39,42,1
7,9,27,39,42,1
7,9,16,39,42,1
16,20,22,31,34,1
16,20,26,31,34,1
16,22,26,31,34,1
9,10,15,20,42,1
7,19,25,33,39,1
7,8,25,33,39,1
7,8,19,33,39,1
7,8,19,25,39,1
7,8,19,25,33,1
6,21,23,37,38,1
1,21,23,37,38,1
1,6,23,37,38,1
1,6,21,37,38,1
1,6,21,23,38,1
1,6,21,23,37,1
6,8,29,36,39,1
1,8,29,36,39,1
1,6,29,36,39,1
1,6,8,36,39,1
1,6,8,29,39,1
1,6,8,29,36,1
9,10,15,20,22,1
9,10,15,22,42,1
10,24,30,34,36,1
9,10,20,22,42,1
4,5,9,28,38,1
4,5,9,13,38,1
4,5,9,13,28,1
10,11,23,24,34,1
6,11,23,24,34,1
6,10,23,24,34,1
6,10,11,24,34,1
6,10,11,23,34,1
6,10,11,23,24,1
5,14,36,39,40,1
2,14,36,39,40,1
2,5,36,39,40,1
2,5,14,39,40,1
2,5,14,36,40,1
2,5,14,36,39,1
10,15,20,22,42,1
9,15,20,22,42,1
22,24,30,34,36,1
10,22,30,34,36,1
20,22,26,31,34,1
4,20,24,32,38,1
6,11,25,32,36,1
6,8,25,32,36,1
6,8,11,32,36,1
6,8,11,25,36,1
6,8,11,25,32,1
12,17,19,22,33,1
9,17,19,22,33,1
9,12,19,22,33,1
9,12,17,22,33,1
9,12,17,19,33,1
9,12,17,19,22,1
22,23,30,34,37,1
13,23,30,34,37,1
13,22,30,34,37,1
13,22,23,34,37,1
13,22,23,30,37,1
13,22,23,30,34,1
8,11,25,32,36,1
4,20,24,32,39,1
10,22,24,34,36,1
4,20,24,38,39,1
10,22,24,30,36,1
10,22,24,30,34,1
12,15,22,30,32,1
8,15,22,30,32,1
8,12,22,30,32,1
8,12,15,30,32,1
8,12,15,22,32,1
8,12,15,22,30,1
13,28,29,30,42,1
9,28,29,30,42,1
9,13,29,30,42,1
9,13,28,30,42,1
9,13,28,29,42,1
9,13,28,29,30,1
20,24,32,38,39,1
4,24,32,38,39,1
4,20,32,38,39,1
5,9,14,15,33,1
14,25,29,32,34,1
14,16,21,36,41,1
10,25,28,35,42,1
4,7,16,18,37,1
4,7,16,18,30,1
13,17,30,31,42,1
7,17,30,31,42,1
7,13,17,31,42,1
7,13,17,30,42,1
7,13,17,30,31,1
24,25,28,35,42,1
10,24,28,35,42,1
10,13,17,33,42,1
10,24,25,35,42,1
10,24,25,28,42,1
10,24,25,28,35,1
5,15,18,38,40,1
2,15,18,38,40,1
2,5,18,38,40,1
2,5,15,38,40,1
2,5,15,18,40,1
4,7,16,30,37,1
4,7,18,30,37,1
4,16,18,30,37,1
7,16,18,30,37,1
4,9,21,34,36,1
4,8,21,34,36,1
4,8,9,34,36,1
4,8,9,21,36,1
4,8,9,21,34,1
26,35,37,39,40,1
17,35,37,39,40,1
17,26,37,39,40,1
17,26,35,39,40,1
17,26,35,37,40,1
17,26,35,37,39,1
14,20,28,31,40,1
1,20,28,31,40,1
1,14,28,31,40,1
1,14,20,31,40,1
1,14,20,28,40,1
1,14,20,28,31,1
2,5,15,18,38,1
6,19,24,37,40,1
3,19,24,37,40,1
10,14,23,29,37,1
18,21,25,33,37,1
5,21,25,33,37,1
5,18,25,33,37,1
5,18,21,33,37,1
5,18,21,25,37,1
5,18,21,25,33,1
15,19,27,28,34,1
8,19,27,28,34,1
8,15,27,28,34,1
8,15,19,28,34,1
8,15,19,27,34,1
8,15,19,27,28,1
16,29,35,38,42,1
10,29,35,38,42,1
10,16,35,38,42,1
10,16,29,38,42,1
10,16,29,35,42,1
10,14,23,29,32,1
10,14,23,32,37,1
3,6,24,37,40,1
10,14,29,32,37,1
3,6,19,37,40,1
3,6,19,24,40,1
3,6,19,24,37,1
7,19,27,32,38,1
5,19,27,32,38,1
5,7,27,32,38,1
5,7,19,32,38,1
5,7,19,27,38,1
5,7,19,27,32,1
18,21,29,31,33,1
11,21,29,31,33,1
11,18,29,31,33,1
11,18,21,31,33,1
11,18,21,29,33,1
11,18,21,29,31,1
14,23,29,32,37,1
10,23,29,32,37,1
8,9,21,34,36,1
8,19,25,33,40,1
8,19,25,39,40,1
2,31,33,36,41,1
2,28,31,36,41,1
2,28,31,33,41,1
2,28,31,33,36,1
18,21,26,30,35,1
8,21,26,30,35,1
8,18,26,30,35,1
8,18,21,30,35,1
8,18,21,26,35,1
8,18,21,26,30,1
12,17,18,30,42,1
4,17,18,30,42,1
4,12,18,30,42,1
4,12,17,30,42,1
4,12,17,18,42,1
4,12,17,18,30,1
16,17,26,30,34,1
5,17,26,30,34,1
2,28,33,36,41,1
28,31,33,36,41,1
5,16,17,30,34,1
5,14,20,26,36,1
5,11,22,24,38,1
4,11,22,24,38,1
4,5,22,24,38,1
4,5,11,24,38,1
4,5,11,22,38,1
4,5,11,22,24,1
13,29,34,35,38,1
12,29,34,35,38,1
12,13,34,35,38,1
12,13,29,35,38,1
12,13,29,34,38,1
12,13,29,34,35,1
14,20,26,36,39,1
5,20,26,36,39,1
5,14,26,36,39,1
5,14,20,36,39,1
5,14,20,26,39,1
5,16,26,30,34,1
5,16,17,26,34,1
8,19,33,39,40,1
2,15,21,25,37,1
2,14,15,25,37,1
2,14,15,21,37,1
2,14,15,21,25,1
19,22,23,31,32,1
10,22,23,31,32,1
10,19,23,31,32,1
10,19,22,31,32,1
10,19,22,23,32,1
10,19,22,23,31,1
15,25,30,32,34,1
7,25,30,32,34,1
7,15,30,32,34,1
7,15,25,32,34,1
7,15,25,30,34,1
7,15,25,30,32,1
19,25,33,39,40,1
8,25,33,39,40,1
2,14,21,25,37,1
14,15,21,25,37,1
5,16,17,26,30,1
5,10,15,25,36,1
19,20,28,29,35,1
7,20,28,29,35,1
7,19,28,29,35,1
7,19,20,29,35,1
7,19,20,28,35,1
7,19,20,28,29,1
13,23,27,33,42,1
10,23,27,33,42,1
10,13,27,33,42,1
10,13,23,33,42,1
10,13,23,27,42,1
10,13,23,27,33,1
10,15,25,36,39,1
5,15,25,36,39,1
5,10,25,36,39,1
5,10,15,36,39,1
5,10,15,25,39,1
10,16,29,35,38,1
3,13,17,33,42,1
5,7,9,21,36,1
4,7,17,25,38,1
8,9,12,19,27,1
5,9,12,19,27,1
5,8,12,19,27,1
5,8,9,19,27,1
5,8,9,12,27,1
5,8,9,12,19,1
7,14,17,25,38,1
4,14,17,25,38,1
4,7,14,25,38,1
3,10,17,33,42,1
4,7,14,17,38,1
4,7,14,17,25,1
8,10,18,24,38,1
6,10,18,24,38,1
6,8,18,24,38,1
6,8,10,24,38,1
6,8,10,18,38,1
6,8,10,18,24,1
17,20,23,28,33,1
17,20,23,28,34,1
17,20,23,33,34,1
17,20,28,33,34,1
3,7,28,40,41,1
3,7,28,33,41,1
3,7,28,33,40,1
21,24,29,41,42,1
13,24,29,41,42,1
13,21,29,41,42,1
13,21,24,41,42,1
13,21,24,29,42,1
13,21,24,29,41,1
9,15,25,28,40,1
1,15,25,28,40,1
1,9,25,28,40,1
1,9,15,28,40,1
1,9,15,25,40,1
1,9,15,25,28,1
20,23,28,33,34,1
17,23,28,33,34,1
8,14,19,23,41,1
6,14,19,23,41,1
6,8,19,23,41,1
11,16,18,20,31,1
5,18,23,32,33,1
5,10,23,32,33,1
5,10,18,32,33,1
5,10,18,23,33,1
5,10,18,23,32,1
31,33,37,39,40,1
17,33,37,39,40,1
17,31,37,39,40,1
17,31,33,39,40,1
17,31,33,37,40,1
17,31,33,37,39,1
19,23,26,31,35,1
13,23,26,31,35,1
13,19,26,31,35,1
13,19,23,31,35,1
13,19,23,26,35,1
13,19,23,26,31,1
10,18,23,32,33,1
11,16,18,20,36,1
6,8,14,23,41,1
11,16,18,31,36,1
6,8,14,19,41,1
6,8,14,19,23,1
18,19,25,30,42,1
9,19,25,30,42,1
9,18,25,30,42,1
9,18,19,30,42,1
9,18,19,25,42,1
9,18,19,25,30,1
11,13,18,27,40,1
8,13,18,27,40,1
8,11,18,27,40,1
8,11,13,27,40,1
8,11,13,18,40,1
8,11,13,18,27,1
16,18,20,31,36,1
11,18,20,31,36,1
11,16,20,31,36,1
3,7,33,40,41,1
3,28,33,40,41,1
7,28,33,40,41,1
6,12,13,22,30,1
7,22,29,32,36,1
6,22,29,32,36,1
6,7,29,32,36,1
6,7,22,32,36,1
6,7,22,29,36,1
6,7,22,29,32,1
9,11,13,34,37,1
1,11,13,34,37,1
1,9,13,34,37,1
1,9,11,34,37,1
1,9,11,13,37,1
1,9,11,13,34,1
16,20,23,36,39,1
9,20,23,36,39,1
9,16,23,36,39,1
9,16,20,36,39,1
9,16,20,23,39,1
6,12,13,22,27,1
6,12,13,27,30,1
4,6,11,25,34,1
6,12,22,27,30,1
3,10,13,33,42,1
3,10,13,17,42,1
3,10,13,17,33,1
21,25,27,29,38,1
4,25,27,29,38,1
4,21,27,29,38,1
4,21,25,29,38,1
4,21,25,27,38,1
4,21,25,27,29,1
12,27,29,33,41,1
1,27,29,33,41,1
1,12,29,33,41,1
1,12,27,33,41,1
1,12,27,29,41,1
1,12,27,29,33,1
12,13,22,27,30,1
6,13,22,27,30,1
9,16,20,23,36,1
3,6,11,25,34,1
4,12,32,38,40,1
3,5,17,18,36,1
17,18,21,39,42,1
1,18,21,39,42,1
1,17,21,39,42,1
1,17,18,39,42,1
1,17,18,21,42,1
1,17,18,21,39,1
5,7,10,23,37,1
1,7,10,23,37,1
1,5,10,23,37,1
1,5,7,23,37,1
1,5,7,10,37,1
1,5,7,10,23,1
12,32,38,40,42,1
4,32,38,40,42,1
4,12,38,40,42,1
4,12,32,40,42,1
4,12,32,38,42,1
3,5,17,18,31,1
3,5,17,31,36,1
3,4,11,25,34,1
3,5,18,31,36,1
3,4,6,25,34,1
3,4,6,11,34,1
3,4,6,11,25,1
12,14,15,36,37,1
4,14,15,36,37,1
4,12,15,36,37,1
4,12,14,36,37,1
4,12,14,15,37,1
4,12,14,15,36,1
17,19,22,25,36,1
11,19,22,25,36,1
11,17,22,25,36,1
11,17,19,25,36,1
11,17,19,22,36,1
11,17,19,22,25,1
5,17,18,31,36,1
3,17,18,31,36,1
5,7,9,21,27,1
5,7,9,27,36,1
14,17,29,32,34,1
10,14,21,30,32,1
13,22,24,33,42,1
10,22,24,33,42,1
10,13,24,33,42,1
10,13,22,33,42,1
10,13,22,24,42,1
10,13,22,24,33,1
14,20,21,30,32,1
10,20,21,30,32,1
10,14,20,30,32,1
5,33,34,37,41,1
10,14,20,21,32,1
10,14,20,21,30,1
12,21,23,37,41,1
7,21,23,37,41,1
7,12,23,37,41,1
7,12,21,37,41,1
7,12,21,23,41,1
7,12,21,23,37,1
1,4,9,31,38,1
1,4,9,31,39,1
1,4,9,38,39,1
1,4,31,38,39,1
2,14,21,32,36,1
2,14,21,24,36,1
2,14,21,24,32,1
4,6,10,11,38,1
3,6,10,11,38,1
3,4,10,11,38,1
3,4,6,11,38,1
3,4,6,10,38,1
3,4,6,10,11,1
11,23,29,34,42,1
4,23,29,34,42,1
4,11,29,34,42,1
4,11,23,34,42,1
4,11,23,29,42,1
4,11,23,29,34,1
4,9,31,38,39,1
1,9,31,38,39,1
9,14,27,29,32,1
3,14,27,29,32,1
3,9,27,29,32,1
15,26,28,30,33,1
2,14,15,25,28,1
2,9,15,25,28,1
2,9,14,25,28,1
2,9,14,15,28,1
2,9,14,15,25,1
22,23,26,29,35,1
13,23,26,29,35,1
13,22,26,29,35,1
13,22,23,29,35,1
13,22,23,26,35,1
13,22,23,26,29,1
9,11,16,19,33,1
2,11,16,19,33,1
2,9,16,19,33,1
2,9,11,19,33,1
2,9,11,16,33,1
2,9,11,16,19,1
9,14,15,25,28,1
15,26,28,30,41,1
3,9,14,29,32,1
15,26,28,33,41,1
3,9,14,27,32,1
3,9,14,27,29,1
22,24,28,29,38,1
21,24,28,29,38,1
21,22,28,29,38,1
21,22,24,29,38,1
21,22,24,28,38,1
21,22,24,28,29,1
10,13,26,27,40,1
8,13,26,27,40,1
8,10,26,27,40,1
8,10,13,27,40,1
8,10,13,26,40,1
8,10,13,26,27,1
26,28,30,33,41,1
15,28,30,33,41,1
15,26,30,33,41,1
2,14,24,32,36,1
2,21,24,32,36,1
14,21,24,32,36,1
3,4,18,19,42,1
6,19,29,32,38,1
4,19,29,32,38,1
4,6,29,32,38,1
4,6,19,32,38,1
4,6,19,29,38,1
4,6,19,29,32,1
19,23,30,32,35,1
9,23,30,32,35,1
9,19,30,32,35,1
9,19,23,32,35,1
9,19,23,30,35,1
9,19,23,30,32,1
6,8,23,26,27,1
2,8,23,26,27,1
2,6,23,26,27,1
2,6,8,26,27,1
2,6,8,23,27,1
3,4,18,19,28,1
3,4,18,28,42,1
7,17,25,30,37,1
3,4,19,28,42,1
14,17,25,32,34,1
14,17,25,29,34,1
14,17,25,29,32,1
11,16,27,28,30,1
8,16,27,28,30,1
8,11,27,28,30,1
8,11,16,28,30,1
8,11,16,27,30,1
8,11,16,27,28,1
10,13,19,31,32,1
8,13,19,31,32,1
8,10,19,31,32,1
8,10,13,31,32,1
8,10,13,19,32,1
8,10,13,19,31,1
4,18,19,28,42,1
3,18,19,28,42,1
2,6,8,23,26,1
1,17,25,30,37,1
5,16,27,28,29,1
11,13,20,21,29,1
8,9,19,21,28,1
4,9,19,21,28,1
4,8,19,21,28,1
4,8,9,21,28,1
4,8,9,19,28,1
4,8,9,19,21,1
15,16,31,32,33,1
9,16,31,32,33,1
9,15,31,32,33,1
9,15,16,32,33,1
9,15,16,31,33,1
9,15,16,31,32,1
16,27,28,29,40,1
5,27,28,29,40,1
5,16,28,29,40,1
5,16,27,29,40,1
5,16,27,28,40,1
11,13,20,21,22,1
11,13,20,22,29,1
1,7,25,30,37,1
11,13,21,22,29,1
1,7,17,30,37,1
1,7,17,25,37,1
1,7,17,25,30,1
5,7,17,28,39,1
2,7,17,28,39,1
2,5,17,28,39,1
2,5,7,28,39,1
2,5,7,17,39,1
2,5,7,17,28,1
6,15,17,20,35,1
2,15,17,20,35,1
2,6,17,20,35,1
2,6,15,20,35,1
2,6,15,17,35,1
2,6,15,17,20,1
13,20,21,22,29,1
11,20,21,22,29,1
18,33,34,37,41,1
5,18,34,37,41,1
5,7,21,27,36,1
11,15,21,30,35,1
14,17,26,27,34,1
14,17,24,27,34,1
14,17,24,26,34,1
14,17,24,26,27,1
15,21,30,34,35,1
11,21,30,34,35,1
11,15,30,34,35,1
11,15,21,34,35,1
11,15,21,30,34,1
5,18,33,37,41,1
12,14,29,30,40,1
11,14,29,30,40,1
11,12,29,30,40,1
11,12,14,30,40,1
11,12,14,29,40,1
11,12,14,29,30,1
9,15,24,33,42,1
3,15,24,33,42,1
14,24,26,27,34,1
17,24,26,27,34,1
12,13,14,18,22,1
12,13,14,18,36,1
16,21,23,24,30,1
16,31,34,35,41,1
14,31,34,35,41,1
14,16,34,35,41,1
14,16,31,35,41,1
14,16,31,34,41,1
14,16,31,34,35,1
8,14,23,34,37,1
4,14,23,34,37,1
4,8,23,34,37,1
4,8,14,34,37,1
4,8,14,23,37,1
4,8,14,23,34,1
13,14,18,22,36,1
12,14,18,22,36,1
12,13,18,22,36,1
12,13,14,22,36,1
3,9,24,33,42,1
3,9,15,33,42,1
3,9,15,24,42,1
3,6,22,29,33,1
3,5,6,29,33,1
3,5,6,22,33,1
3,5,6,22,29,1
15,20,21,23,24,1
7,20,21,23,24,1
7,15,21,23,24,1
7,15,20,23,24,1
7,15,20,21,24,1
7,15,20,21,23,1
21,29,33,35,40,1
14,29,33,35,40,1
14,21,33,35,40,1
14,21,29,35,40,1
14,21,29,33,40,1
14,21,29,33,35,1
7,9,21,27,36,1
5,9,21,27,36,1
3,5,22,29,33,1
5,6,22,29,33,1
3,9,15,24,33,1
17,19,26,28,37,1
16,19,22,31,35,1
4,19,22,31,35,1
4,16,22,31,35,1
4,16,19,31,35,1
4,16,19,22,35,1
4,16,19,22,31,1
8,10,16,19,31,1
5,10,16,19,31,1
5,8,16,19,31,1
5,8,10,19,31,1
5,8,10,16,31,1
5,8,10,16,19,1
19,26,28,37,42,1
17,26,28,37,42,1
17,19,28,37,42,1
17,19,26,37,42,1
17,19,26,28,42,1
16,21,23,24,31,1
16,21,23,30,31,1
16,21,24,30,31,1
1,4,28,35,38,1
2,18,21,30,32,1
2,15,21,30,32,1
2,15,18,30,32,1
2,15,18,21,32,1
2,15,18,21,30,1
17,19,21,26,36,1
2,19,21,26,36,1
2,17,21,26,36,1
2,17,19,26,36,1
2,17,19,21,36,1
2,17,19,21,26,1
14,21,26,32,40,1
3,21,26,32,40,1
3,14,26,32,40,1
3,14,21,32,40,1
3,14,21,26,40,1
8,18,27,29,35,1
15,18,21,30,32,1
1,4,28,35,42,1
3,8,27,29,35,1
1,4,28,38,42,1
5,18,33,34,41,1
5,18,33,34,37,1
19,25,37,40,42,1
3,25,37,40,42,1
3,19,37,40,42,1
3,19,25,40,42,1
3,19,25,37,42,1
3,19,25,37,40,1
15,33,38,39,41,1
12,33,38,39,41,1
12,15,38,39,41,1
12,15,33,39,41,1
12,15,33,38,41,1
12,15,33,38,39,1
4,28,35,38,42,1
1,28,35,38,42,1
1,4,35,38,42,1
3,18,27,29,35,1
3,8,18,29,35,1
16,23,24,30,31,1
12,14,19,35,41,1
6,12,19,35,41,1
6,12,14,35,41,1
6,12,14,19,41,1
6,12,14,19,35,1
6,13,16,27,38,1
1,13,16,27,38,1
1,6,16,27,38,1
1,6,13,27,38,1
1,6,13,16,38,1
1,6,13,16,27,1
12,15,22,23,25,1
4,15,22,23,25,1
4,12,22,23,25,1
4,12,15,23,25,1
4,12,15,22,25,1
4,12,15,22,23,1
21,23,24,30,31,1
6,14,19,35,41,1
3,4,5,16,28,1
3,8,18,27,35,1
3,4,5,16,42,1
3,8,18,27,29,1
15,18,22,23,35,1
11,18,22,23,35,1
11,15,22,23,35,1
11,15,18,23,35,1
11,15,18,22,35,1
11,15,18,22,23,1
10,25,28,31,40,1
7,25,28,31,40,1
7,10,28,31,40,1
7,10,25,31,40,1
7,10,25,28,40,1
7,10,25,28,31,1
4,5,16,28,42,1
3,5,16,28,42,1
3,4,16,28,42,1
3,4,5,28,42,1
19,16,37,36,5,1
